county,state,fips,cases,deaths
Wright,Missouri,29229,1605,32
Worth,Missouri,29227,163,2
Washington,Missouri,29221,2765,49
Webster,Missouri,29225,3622,54
Wayne,Missouri,29223,1037,14
Stoddard,Missouri,29207,2502,41
Shelby,Missouri,29205,642,7
Stone,Missouri,29209,2461,46
Shannon,Missouri,29203,588,12
Scott,Missouri,29201,4714,85
Warren,Missouri,29219,3189,31
Vernon,Missouri,29217,1958,46
Campbell,Wyoming,56005,4969,60
Sullivan,Missouri,29211,843,14
Carbon,Wyoming,56007,1608,23
Albany,Wyoming,56001,4488,12
Texas,Missouri,29215,1843,23
Taney,Missouri,29213,5359,94
Big Horn,Wyoming,56003,1166,33
Converse,Wyoming,56009,1010,17
Franklin,Kansas,20059,2574,42
Ford,Kansas,20057,5764,75
Floyd,Iowa,19067,1617,42
Finney,Kansas,20055,6088,72
Franklin,Iowa,19069,1222,21
Ellsworth,Kansas,20053,1220,26
Emmet,Iowa,19063,1347,40
Fayette,Iowa,19065,1853,41
Dubuque,Iowa,19061,13419,209
Montgomery,Virginia,51121,9397,97
Nelson,Virginia,51125,899,13
Ellis,Kansas,20051,3750,72
New Kent,Virginia,51127,1504,18
Gray,Kansas,20069,611,14
Grant,Kansas,20067,980,18
Guthrie,Iowa,19077,1223,31
Graham,Kansas,20065,265,9
Hamilton,Iowa,19079,1805,50
Washoe,Nevada,32031,45835,679
Greene,Iowa,19073,777,10
Grundy,Iowa,19075,1366,33
Fremont,Iowa,19071,625,9
Northampton,Virginia,51131,808,36
Northumberland,Virginia,51133,747,20
Nottoway,Virginia,51135,1918,47
White Pine,Nevada,32033,625,6
Orange,Virginia,51137,2219,38
Gove,Kansas,20063,386,19
Page,Virginia,51139,2058,56
Geary,Kansas,20061,3437,40
Dallas,Iowa,19049,11236,98
Newport,Rhode Island,44005,6891,42
Crawford,Kansas,20037,4749,83
Providence,Rhode Island,44007,98724,1978
Cowley,Kansas,20035,3996,108
Bristol,Rhode Island,44001,5153,144
Clinton,Iowa,19045,5588,93
Comanche,Kansas,20033,170,9
Kent,Rhode Island,44003,18715,365
Crawford,Iowa,19047,2674,40
Coffey,Kansas,20031,739,23
Clay,Iowa,19041,2159,26
Clayton,Iowa,19043,1702,56
Washington,Rhode Island,44009,10032,171
Decatur,Kansas,20039,267,12
Pershing,Nevada,32027,959,20
Patrick,Virginia,51141,1365,43
Nye,Nevada,32023,2966,107
Pittsylvania,Virginia,51143,5561,83
Mineral,Nevada,32021,309,7
Powhatan,Virginia,51145,1918,17
Prince Edward,Virginia,51147,2174,34
Prince George,Virginia,51149,3568,30
Storey,Nevada,32029,110,3
Elk,Kansas,20049,179,5
Dickinson,Iowa,19059,2488,44
Edwards,Kansas,20047,267,12
Douglas,Kansas,20045,9329,87
Delaware,Iowa,19055,2105,41
Doniphan,Kansas,20043,1004,23
Des Moines,Iowa,19057,4628,66
Davis,Iowa,19051,841,24
Decatur,Iowa,19053,610,9
Lincoln,Nevada,32017,362,3
Prince William,Virginia,51153,45313,500
Lander,Nevada,32015,467,9
Pulaski,Virginia,51155,2666,61
Humboldt,Nevada,32013,1193,14
Rappahannock,Virginia,51157,359,2
Eureka,Nevada,32011,55,0
Richmond,Virginia,51159,1520,15
Dickinson,Kansas,20041,1775,45
Lyon,Nevada,32019,3222,65
Carroll,Iowa,19027,2868,52
Butler,Kansas,20015,7582,88
Cass,Iowa,19029,1389,54
Brown,Kansas,20013,1241,38
Butler,Iowa,19023,1655,35
Bourbon,Kansas,20011,1422,25
Calhoun,Iowa,19025,1388,13
Buena Vista,Iowa,19021,4252,40
Chautauqua,Kansas,20019,267,6
Chase,Kansas,20017,274,3
Douglas,Nevada,32005,2907,35
Roanoke,Virginia,51161,8285,145
Clark,Nevada,32003,250169,4383
Rockbridge,Virginia,51163,1554,46
Churchill,Nevada,32001,2062,49
Rockingham,Virginia,51165,6787,107
Russell,Virginia,51167,2287,38
Scott,Virginia,51169,1852,58
Esmeralda,Nevada,32009,38,0
Elko,Nevada,32007,4961,56
Clay,Kansas,20027,826,29
Chickasaw,Iowa,19037,1244,16
Clark,Kansas,20025,252,7
Clarke,Iowa,19039,1004,24
Cheyenne,Kansas,20023,366,14
Cerro Gordo,Iowa,19033,5468,89
Cherokee,Kansas,20021,2490,53
Cherokee,Iowa,19035,1591,38
Cedar,Iowa,19031,1910,23
Shenandoah,Virginia,51171,4357,133
Cloud,Kansas,20029,986,23
Smyth,Virginia,51173,2969,93
Southampton,Virginia,51175,1982,56
Spotsylvania,Virginia,51177,10090,120
Stafford,Virginia,51179,11378,79
Allamakee,Iowa,19005,1522,51
Appanoose,Iowa,19007,1284,49
Adair,Iowa,19001,871,32
Adams,Iowa,19003,341,4
Surry,Virginia,51181,421,9
Sussex,Virginia,51183,1195,21
Tazewell,Virginia,51185,3678,70
Warren,Virginia,51187,3036,58
Audubon,Iowa,19009,516,10
Atchison,Kansas,20005,1632,14
Boone,Iowa,19015,2669,34
Anderson,Kansas,20003,838,18
Bremer,Iowa,19017,2862,60
Allen,Kansas,20001,1246,20
Benton,Iowa,19011,2572,55
Black Hawk,Iowa,19013,15876,309
Washington,Virginia,51191,4964,110
Barton,Kansas,20009,2622,49
Westmoreland,Virginia,51193,1297,26
Barber,Kansas,20007,374,6
Wise,Virginia,51195,3231,99
Wythe,Virginia,51197,2664,79
York,Virginia,51199,3740,54
Buchanan,Iowa,19019,1917,33
Navarro,Texas,48349,5843,154
Carter,Tennessee,47019,6691,158
Carroll,Tennessee,47017,3645,84
Nacogdoches,Texas,48347,4578,171
Cannon,Tennessee,47015,1933,31
Motley,Texas,48345,116,8
Mora,New Mexico,35033,171,6
McKinley,New Mexico,35031,12334,477
Rio Arriba,New Mexico,35039,3631,75
Haines Borough,Alaska,02100,28,0
Quay,New Mexico,35037,517,10
Otero,New Mexico,35035,5141,77
Campbell,Tennessee,47013,4193,63
Morris,Texas,48343,875,33
Bradley,Tennessee,47011,15176,152
Moore,Texas,48341,2755,72
Blount,Tennessee,47009,15609,196
Montgomery,Texas,48339,54188,581
Bledsoe,Tennessee,47007,2178,11
Benton,Tennessee,47005,1682,40
Montague,Texas,48337,2103,71
Bedford,Tennessee,47003,6545,130
Mitchell,Texas,48335,605,31
Hidalgo,New Mexico,35023,363,9
Harding,New Mexico,35021,12,1
Luna,New Mexico,35029,3355,92
Los Alamos,New Mexico,35028,529,6
Lincoln,New Mexico,35027,1735,18
Lea,New Mexico,35025,9071,195
Anderson,Tennessee,47001,8822,172
Mills,Texas,48333,658,21
Milam,Texas,48331,2553,48
Midland,Texas,48329,17665,271
Menard,Texas,48327,211,9
Medina,Texas,48325,5080,105
Maverick,Texas,48323,10451,356
Sagadahoc,Maine,23023,1445,10
De Baca,New Mexico,35011,171,2
Somerset,Maine,23025,2165,30
Waldo,Maine,23027,1002,21
Washington,Maine,23029,866,16
Guadalupe,New Mexico,35019,669,11
Grant,New Mexico,35017,1717,40
Kenai Peninsula Borough,Alaska,02122,4505,19
Eddy,New Mexico,35015,6868,137
Piscataquis,Maine,23021,547,6
Do√±a Ana,New Mexico,35013,25060,484
Matagorda,Texas,48321,4199,112
Mason,Texas,48319,411,6
Martin,Texas,48317,634,19
Marion,Texas,48315,542,33
Madison,Texas,48313,1979,29
Bernalillo,New Mexico,35001,58260,937
Curry,New Mexico,35009,5248,83
Colfax,New Mexico,35007,928,45
Cibola,New Mexico,35006,3540,123
Chaves,New Mexico,35005,9227,169
York,Maine,23031,13251,131
Juneau City and Borough,Alaska,02110,1407,3
Catron,New Mexico,35003,95,5
McMullen,Texas,48311,84,5
Hancock,Maine,23009,1329,38
McCulloch,Texas,48307,579,19
Lynn,Texas,48305,620,23
Lubbock,Texas,48303,49276,789
Loving,Texas,48301,2,0
Androscoggin,Maine,23001,8185,79
Aroostook,Maine,23003,1827,45
Cumberland,Maine,23005,17021,194
Franklin,Maine,23007,1329,15
McLennan,Texas,48309,27356,473
Knox,Maine,23013,1116,5
Lincoln,Maine,23015,1039,3
Oxford,Maine,23017,3530,65
Penobscot,Maine,23019,6030,93
Kennebec,Maine,23011,6389,71
King William,Virginia,51101,1229,13
District of Columbia,District of Columbia,11001,48762,1130
Lancaster,Virginia,51103,715,16
Lee,Virginia,51105,2430,48
Loudoun,Virginia,51107,27864,277
Louisa,Virginia,51109,1986,32
Lunenburg,Virginia,51111,776,14
Madison,Virginia,51113,617,16
Mathews,Virginia,51115,597,12
Mecklenburg,Virginia,51117,2322,67
Middlesex,Virginia,51119,569,20
Winnebago,Illinois,17201,33657,516
Woodford,Illinois,17203,4835,91
Van Buren,Michigan,26159,7042,126
Sanilac,Michigan,26151,4228,117
Knox,Tennessee,47093,52016,639
Schoolcraft,Michigan,26153,423,5
Johnson,Tennessee,47091,2431,39
Shiawassee,Michigan,26155,6357,103
Northwest Arctic Borough,Alaska,02188,619,2
Tuscola,Michigan,26157,5633,174
North Slope Borough,Alaska,02185,1078,4
Lawrence,Tennessee,47099,6012,92
Nome Census Area,Alaska,02180,367,0
Lauderdale,Tennessee,47097,3225,46
Lake,Tennessee,47095,1710,26
Hickman,Tennessee,47081,2860,46
Washtenaw,Michigan,26161,26943,298
Wayne,Michigan,26163,163555,4960
Matanuska-Susitna Borough,Alaska,02170,11645,55
Wexford,Michigan,26165,2871,47
Jefferson,Tennessee,47089,6275,125
Jackson,Tennessee,47087,1327,36
Humphreys,Tennessee,47085,1845,28
Houston,Tennessee,47083,1102,33
Otsego,Michigan,26137,2338,40
Ottawa,Michigan,26139,32526,417
Hardin,Tennessee,47071,3589,68
Ontonagon,Michigan,26131,473,21
Osceola,Michigan,26133,1931,29
Oscoda,Michigan,26135,663,29
Henry,Tennessee,47079,3226,76
Henderson,Tennessee,47077,3819,76
Haywood,Tennessee,47075,2716,62
Hawkins,Tennessee,47073,6232,110
Hardeman,Tennessee,47069,3550,64
St. Clair,Michigan,26147,18249,431
St. Joseph,Michigan,26149,6166,98
Petersburg Borough,Alaska,02195,164,0
Refugio,Texas,48391,678,22
Presque Isle,Michigan,26141,1047,34
Roscommon,Michigan,26143,1877,50
Prince of Wales-Hyder Census Area,Alaska,02198,138,1
Saginaw,Michigan,26145,22213,605
Runnels,Texas,48399,1295,38
Hancock,Tennessee,47067,601,12
Hamilton,Tennessee,47065,45004,499
Rockwall,Texas,48397,11628,157
Hamblen,Tennessee,47063,8636,174
Robertson,Texas,48395,2161,43
Grundy,Tennessee,47061,1794,35
Roberts,Texas,48393,62,1
Ward,North Dakota,38101,9837,194
Greene,Tennessee,47059,7954,157
Wells,North Dakota,38103,457,8
Reeves,Texas,48389,1897,43
Monroe,Michigan,26115,15253,257
Montcalm,Michigan,26117,8067,116
Montmorency,Michigan,26119,605,20
Midland,Michigan,26111,7473,88
Missaukee,Michigan,26113,1493,24
Williams,North Dakota,38105,4909,39
Grainger,Tennessee,47057,2651,50
Red River,Texas,48387,698,37
Giles,Tennessee,47055,4020,101
Real,Texas,48385,312,12
Gibson,Tennessee,47053,6595,147
Reagan,Texas,48383,383,8
Franklin,Tennessee,47051,5170,90
Randall,Texas,48381,16877,303
Fentress,Tennessee,47049,2440,47
Fayette,Tennessee,47047,5144,79
Rains,Texas,48379,809,26
Oakland,Michigan,26125,117279,2340
Oceana,Michigan,26127,2733,60
Ogemaw,Michigan,26129,1714,41
Valencia,New Mexico,35061,7082,114
Muskegon,Michigan,26121,18077,361
Ketchikan Gateway Borough,Alaska,02130,618,1
Newaygo,Michigan,26123,4805,66
Dyer,Tennessee,47045,5452,106
Presidio,Texas,48377,819,24
Dickson,Tennessee,47043,6884,114
Potter,Texas,48375,17514,454
DeKalb,Tennessee,47041,2816,54
Polk,Texas,48373,3365,116
Pecos,Texas,48371,1679,34
Decatur,Tennessee,47039,1601,39
Parmer,Texas,48369,1295,35
Davidson,Tennessee,47037,99166,947
Parker,Texas,48367,15877,184
Taos,New Mexico,35055,1685,53
Socorro,New Mexico,35053,1319,60
Sierra,New Mexico,35051,776,52
Union,New Mexico,35059,421,10
Torrance,New Mexico,35057,852,13
Cumberland,Tennessee,47035,6811,133
Panola,Texas,48365,1627,75
Palo Pinto,Texas,48363,2908,75
Crockett,Tennessee,47033,2041,49
Orange,Texas,48361,8640,149
Coffee,Tennessee,47031,6934,124
Cocke,Tennessee,47029,4534,100
Oldham,Texas,48359,285,4
Clay,Tennessee,47027,1104,30
Claiborne,Tennessee,47025,3192,74
Ochiltree,Texas,48357,1175,27
San Juan,New Mexico,35045,15344,482
Marquette,Michigan,26103,5905,62
Kusilvak Census Area,Alaska,02158,1300,4
Sandoval,New Mexico,35043,12082,239
Mason,Michigan,26105,2115,36
Roosevelt,New Mexico,35041,1993,59
Mecosta,Michigan,26107,3168,32
Menominee,Michigan,26109,2108,42
Kodiak Island Borough,Alaska,02150,1114,6
Santa Fe,New Mexico,35049,10664,146
San Miguel,New Mexico,35047,1361,17
Manistee,Michigan,26101,1965,24
Chester,Tennessee,47023,2169,51
Nueces,Texas,48355,42870,819
Cheatham,Tennessee,47021,4600,56
Nolan,Texas,48353,1543,51
Newton,Texas,48351,629,36
Josephine,Oregon,41033,3428,71
Power,Idaho,16077,666,9
Johnson,Iowa,19103,14535,84
Payette,Idaho,16075,2578,37
Jefferson,Oregon,41031,2270,37
Jones,Iowa,19105,2996,57
Lake,Oregon,41037,461,7
Klamath,Oregon,41035,4609,70
Shoshone,Idaho,16079,1135,34
Jefferson,Iowa,19101,1330,35
Lane,Oregon,41039,13370,150
Owyhee,Idaho,16073,1075,30
Oneida,Idaho,16071,365,4
Issaquena,Mississippi,28055,169,6
Garfield,Washington,53023,123,5
Humphreys,Mississippi,28053,971,33
Franklin,Washington,53021,12498,115
Jackson,Mississippi,28059,13511,248
Grays Harbor,Washington,53027,4271,70
Itawamba,Mississippi,28057,3032,77
Grant,Washington,53025,10400,124
Island,Washington,53029,1766,31
Holmes,Mississippi,28051,1895,74
Keokuk,Iowa,19107,962,31
Kossuth,Iowa,19109,2157,65
Louisa,Iowa,19115,1288,49
Leavenworth,Kansas,20103,7246,91
Washington,Idaho,16087,1225,21
Gilliam,Oregon,41021,63,1
Lucas,Iowa,19117,776,23
Valley,Idaho,16085,844,6
Lane,Kansas,20101,143,7
Lee,Iowa,19111,3782,55
Harney,Oregon,41025,365,8
Linn,Iowa,19113,20999,336
Grant,Oregon,41023,528,6
Jackson,Oregon,41029,11121,143
Hood River,Oregon,41027,1199,31
Logan,Kansas,20109,289,6
Twin Falls,Idaho,16083,9628,128
Linn,Kansas,20107,822,12
Teton,Idaho,16081,1227,4
Lincoln,Kansas,20105,265,5
King,Washington,53033,108510,1564
Jones,Mississippi,28067,8405,163
Jefferson,Washington,53031,412,3
Jefferson Davis,Mississippi,28065,1073,33
Kittitas,Washington,53037,3064,33
Kitsap,Washington,53035,8320,112
Kemper,Mississippi,28069,961,28
Klickitat,Washington,53039,783,10
Lyon,Iowa,19119,1586,41
Jefferson,Mississippi,28063,660,28
Jasper,Mississippi,28061,2213,48
Kootenai,Idaho,16055,18448,210
Coos,Oregon,41011,2131,35
Jerome,Idaho,16053,2619,23
Curry,Oregon,41015,661,10
Lemhi,Idaho,16059,531,9
Latah,Idaho,16057,3191,10
Crook,Oregon,41013,1182,22
Douglas,Oregon,41019,3435,73
Deschutes,Oregon,41017,9443,78
George,Mississippi,28039,2498,48
Jefferson,Idaho,16051,3015,31
Lewis,Washington,53041,4750,66
DeSoto,Mississippi,28033,22017,260
Mason,Washington,53045,2790,34
Covington,Mississippi,28031,2632,81
Lincoln,Washington,53043,565,8
Franklin,Mississippi,28037,844,23
Pacific,Washington,53049,950,11
Forrest,Mississippi,28035,7739,152
Okanogan,Washington,53047,2596,40
Madison,Idaho,16065,7253,28
Lincoln,Idaho,16063,511,11
Benton,Oregon,41003,3167,21
Nez Perce,Idaho,16069,3662,55
Minidoka,Idaho,16067,2342,33
Baker,Oregon,41001,962,15
Clatsop,Oregon,41007,1004,8
Clackamas,Oregon,41005,18033,221
Pend Oreille,Washington,53051,781,9
Lewis,Idaho,16061,410,10
Columbia,Oregon,41009,1793,29
San Juan,Washington,53055,183,0
Hancock,Mississippi,28045,3824,87
Pierce,Washington,53053,53719,678
Grenada,Mississippi,28043,2627,87
Skamania,Washington,53059,355,1
Hinds,Mississippi,28049,20447,416
Skagit,Washington,53057,5791,73
Harrison,Mississippi,28047,18085,313
Greene,Mississippi,28041,1309,33
Clark,Idaho,16033,59,0
Cassia,Idaho,16031,2947,27
Custer,Idaho,16037,253,3
Clearwater,Idaho,16035,1058,14
Choctaw,Mississippi,28019,774,18
Chickasaw,Mississippi,28017,2092,59
Spokane,Washington,53063,44684,643
Snohomish,Washington,53061,38418,582
Bolivar,Mississippi,28011,4811,132
Thurston,Washington,53067,9966,105
Stevens,Washington,53065,2252,28
Carroll,Mississippi,28015,1222,30
Calhoun,Mississippi,28013,1723,32
Wahkiakum,Washington,53069,129,0
Elmore,Idaho,16039,2060,17
Fremont,Idaho,16043,1134,14
Franklin,Idaho,16041,1209,16
Gooding,Idaho,16047,1317,23
Gem,Idaho,16045,1800,38
Copiah,Mississippi,28029,2985,65
Whatcom,Washington,53073,9250,98
Walla Walla,Washington,53071,5147,65
Yakima,Washington,53077,30967,456
Clarke,Mississippi,28023,1787,80
Whitman,Washington,53075,4322,49
Claiborne,Mississippi,28021,1026,30
Coahoma,Mississippi,28027,2973,79
Clay,Mississippi,28025,1860,54
Idaho,Idaho,16049,1276,18
Bingham,Idaho,16011,4863,76
Boise,Idaho,16015,364,2
Blaine,Idaho,16013,2384,18
Bonneville,Idaho,16019,14954,169
Bonner,Idaho,16017,3287,43
Boundary,Idaho,16021,872,11
Camas,Idaho,16025,72,0
Butte,Idaho,16023,211,1
Benton,Mississippi,28009,1017,25
Attala,Mississippi,28007,2146,73
Adams,Mississippi,28001,2988,82
Amite,Mississippi,28005,1244,42
Alcorn,Mississippi,28003,3157,71
Caribou,Idaho,16029,700,12
Canyon,Idaho,16027,27035,299
Zapata,Texas,48505,1772,36
Sheridan,Kansas,20179,436,14
Young,Texas,48503,2180,44
Shawnee,Kansas,20177,17540,363
Webster,Iowa,19187,5131,94
Yoakum,Texas,48501,873,27
Seward,Kansas,20175,3984,41
Winnebago,Iowa,19189,1429,31
Washington,Iowa,19183,2553,51
Wayne,Iowa,19185,543,23
Warren,Iowa,19181,5802,90
Zavala,Texas,48507,1867,41
Sedgwick,Kansas,20173,57127,759
Scott,Kansas,20171,621,24
Stevens,Kansas,20189,586,10
Stanton,Kansas,20187,185,6
Stafford,Kansas,20185,352,9
Worth,Iowa,19195,752,8
Wright,Iowa,19197,1854,37
Winneshiek,Iowa,19191,1971,35
Woodbury,Iowa,19193,15181,228
Smith,Kansas,20183,271,3
Sherman,Kansas,20181,649,12
Rice,Kansas,20159,1076,12
Story,Iowa,19169,10669,48
Republic,Kansas,20157,680,15
Reno,Kansas,20155,8547,139
Shelby,Iowa,19165,1312,37
Rawlins,Kansas,20153,360,7
Sioux,Iowa,19167,5153,74
Sac,Iowa,19161,1306,19
Baltimore city,Maryland,24510,52766,1119
Scott,Iowa,19163,20178,243
Pratt,Kansas,20151,816,25
Saline,Kansas,20169,6282,140
Russell,Kansas,20167,859,28
Van Buren,Iowa,19177,561,18
Rush,Kansas,20165,432,14
Wapello,Iowa,19179,4320,122
Rooks,Kansas,20163,660,11
Taylor,Iowa,19173,662,12
Union,Iowa,19175,1287,33
Tama,Iowa,19171,2106,71
Riley,Kansas,20161,6525,43
Norton,Kansas,20137,1221,27
Palo Alto,Iowa,19147,1135,23
Ness,Kansas,20135,372,16
Plymouth,Iowa,19149,4018,80
Neosho,Kansas,20133,1806,35
Osceola,Iowa,19143,788,16
Nemaha,Kansas,20131,1516,55
Page,Iowa,19145,1934,22
O'Brien,Iowa,19141,1998,60
Osage,Kansas,20139,1257,26
Neshoba,Mississippi,28099,4047,178
Montgomery,Mississippi,28097,1279,42
Marion,Mississippi,28091,2702,80
Monroe,Mississippi,28095,4138,135
Yamhill,Oregon,41071,4587,76
Marshall,Mississippi,28093,4550,104
Ringgold,Iowa,19159,558,24
Wasco,Oregon,41065,1407,28
Phillips,Kansas,20147,714,24
Wallowa,Oregon,41063,187,5
Pawnee,Kansas,20145,1172,13
Pottawattamie,Iowa,19155,11170,170
Ottawa,Kansas,20143,552,13
Wheeler,Oregon,41069,33,1
Poweshiek,Iowa,19157,1557,35
Washington,Oregon,41067,26115,238
Osborne,Kansas,20141,290,12
Pocahontas,Iowa,19151,858,22
Polk,Iowa,19153,57919,631
Pottawatomie,Kansas,20149,1907,30
Union,Oregon,41061,1455,23
Marion,Kansas,20115,1111,24
Sherman,Oregon,41055,59,1
Marion,Iowa,19125,3639,76
Polk,Oregon,41053,3845,53
McPherson,Kansas,20113,3328,89
Marshall,Iowa,19127,4850,76
Umatilla,Oregon,41059,8328,86
Lyon,Kansas,20111,4292,85
Madison,Iowa,19121,1638,19
Tillamook,Oregon,41057,659,3
Mahaska,Iowa,19123,2313,51
Meade,Kansas,20119,516,12
Marshall,Kansas,20117,1111,26
Lawrence,Mississippi,28077,1304,24
Adams,Washington,53001,2173,23
Lauderdale,Mississippi,28075,7220,240
Benton,Washington,53005,17136,220
Leake,Mississippi,28079,2698,74
Asotin,Washington,53003,1467,27
Clallam,Washington,53009,1315,10
Chelan,Washington,53007,6953,67
Multnomah,Oregon,41051,39257,616
Lamar,Mississippi,28073,6275,86
Mills,Iowa,19129,1628,23
Lafayette,Mississippi,28071,6245,119
Montgomery,Iowa,19137,1034,38
Linn,Oregon,41043,5243,73
Montgomery,Kansas,20125,3470,82
Muscatine,Iowa,19139,4847,103
Mitchell,Kansas,20123,562,18
Lincoln,Oregon,41041,1396,21
Monona,Iowa,19133,827,31
Marion,Oregon,41047,22584,312
Miami,Kansas,20121,2770,42
Monroe,Iowa,19135,957,29
Malheur,Oregon,41045,3544,63
Mitchell,Iowa,19131,1265,42
Morrow,Oregon,41049,1122,16
Morton,Kansas,20129,265,9
Morris,Kansas,20127,613,22
Clark,Washington,53011,24379,269
Madison,Mississippi,28089,10169,220
Lowndes,Mississippi,28087,6431,148
Cowlitz,Washington,53015,6083,91
Columbia,Washington,53013,125,4
Ferry,Washington,53019,371,8
Lee,Mississippi,28081,10004,175
Douglas,Washington,53017,3682,22
Lincoln,Mississippi,28085,3989,111
Leflore,Mississippi,28083,3501,125
Polk,Tennessee,47139,2102,25
Victoria,Texas,48469,9002,212
Pickett,Tennessee,47137,764,24
Van Zandt,Texas,48467,4363,119
Perry,Tennessee,47135,1073,28
Sitka City and Borough,Alaska,02220,352,0
Overton,Tennessee,47133,3030,61
Val Verde,Texas,48465,7860,223
Uvalde,Texas,48463,3594,72
Obion,Tennessee,47131,4574,96
Upton,Texas,48461,373,10
Upshur,Texas,48459,3296,75
Morgan,Tennessee,47129,2524,39
Tyler,Texas,48457,1275,41
Moore,Tennessee,47127,1019,17
Montgomery,Tennessee,47125,20646,228
Trinity,Texas,48455,779,26
Travis,Texas,48453,83524,1018
Monroe,Tennessee,47123,5911,96
Tom Green,Texas,48451,16877,269
Meigs,Tennessee,47121,1400,25
Maury,Tennessee,47119,13593,173
Marshall,Tennessee,47117,4211,58
Titus,Texas,48449,3729,84
Marion,Tennessee,47115,3145,47
Throckmorton,Texas,48447,73,5
Madison,Tennessee,47113,11332,241
Terry,Texas,48445,1693,56
Southeast Fairbanks Census Area,Alaska,02240,705,5
Macon,Tennessee,47111,3639,78
Terrell,Texas,48443,74,2
Taylor,Texas,48441,15897,410
Tarrant,Texas,48439,260264,3494
McNairy,Tennessee,47109,2856,54
McMinn,Tennessee,47107,6572,99
Swisher,Texas,48437,886,17
Loudon,Tennessee,47105,6214,70
Sutton,Texas,48435,470,8
Lincoln,Tennessee,47103,4372,63
Stonewall,Texas,48433,156,6
Skagway Municipality,Alaska,02230,20,0
Lewis,Tennessee,47101,1589,26
Sterling,Texas,48431,108,4
Stephens,Texas,48429,811,26
Starr,Texas,48427,9552,298
Somervell,Texas,48425,1082,14
Labette,Kansas,20099,2746,50
Smith,Texas,48423,20389,478
Kiowa,Kansas,20097,271,5
Sherman,Texas,48421,234,12
Kingman,Kansas,20095,768,15
Kearny,Kansas,20093,573,10
Johnson,Kansas,20091,59042,766
Shackelford,Texas,48417,276,5
Scurry,Texas,48415,2430,62
Schleicher,Texas,48413,244,6
San Saba,Texas,48411,780,23
Shelby,Texas,48419,1696,67
San Jacinto,Texas,48407,1339,38
San Augustine,Texas,48405,578,32
Harvey,Kansas,20079,3666,69
Howard,Iowa,19089,1047,22
Sabine,Texas,48403,524,45
Harper,Kansas,20077,626,18
Rusk,Texas,48401,4002,108
Hamilton,Kansas,20075,209,1
Harrison,Iowa,19085,1798,73
Henry,Iowa,19087,2934,37
Hancock,Iowa,19081,1497,34
San Patricio,Texas,48409,4416,151
Hardin,Iowa,19083,1866,44
Greenwood,Kansas,20073,589,11
Greeley,Kansas,20071,104,1
Jewell,Kansas,20089,211,6
Jasper,Iowa,19099,4202,72
Jefferson,Kansas,20087,1741,35
Iowa,Iowa,19095,1494,24
Jackson,Iowa,19097,2237,42
Humboldt,Iowa,19091,1194,26
Ida,Iowa,19093,908,35
Jackson,Kansas,20085,1409,16
Hodgeman,Kansas,20083,213,8
Haskell,Kansas,20081,419,9
Graham,Arizona,04009,5612,82
Crook,Wyoming,56011,438,12
Coconino,Arizona,04005,17872,332
Gila,Arizona,04007,6924,230
Apache,Arizona,04001,11397,432
Hot Springs,Wyoming,56017,369,3
Cochise,Arizona,04003,12053,287
Johnson,Wyoming,56019,721,10
Fremont,Wyoming,56013,5216,84
Goshen,Wyoming,56015,1224,24
Adams,Idaho,16003,341,4
Ada,Idaho,16001,52644,470
Laramie,Wyoming,56021,9460,114
Niobrara,Wyoming,56027,162,2
Park,Wyoming,56029,2807,30
Lincoln,Wyoming,56023,1411,12
Natrona,Wyoming,56025,8078,136
Bear Lake,Idaho,16007,394,2
Bannock,Idaho,16005,8820,110
Yukon-Koyukuk Census Area,Alaska,02290,363,4
Benewah,Idaho,16009,690,9
Platte,Wyoming,56031,640,11
Sheridan,Wyoming,56033,3193,31
Yuma,Arizona,04027,37206,838
Teton,Wyoming,56039,3780,9
Santa Cruz,Arizona,04023,8029,180
Yavapai,Arizona,04025,19156,508
Sublette,Wyoming,56035,792,7
Pinal,Arizona,04021,52568,887
Sweetwater,Wyoming,56037,4441,39
Pima,Arizona,04019,116320,2409
Uinta,Wyoming,56041,2252,13
Washakie,Wyoming,56043,920,26
Mohave,Arizona,04015,22963,727
Navajo,Arizona,04017,16390,537
Greenlee,Arizona,04011,574,10
La Paz,Arizona,04012,2473,79
Wayne,Tennessee,47181,2975,34
Maricopa,Arizona,04013,547645,10017
Weston,Wyoming,56045,652,5
Wilson,Tennessee,47189,18982,238
Williamson,Tennessee,47187,28225,217
White,Tennessee,47185,3705,71
Weakley,Tennessee,47183,4187,67
Washington,Tennessee,47179,14764,248
Valdez-Cordova Census Area,Alaska,02261,670,2
Warren,Tennessee,47177,5550,82
Van Buren,Tennessee,47175,858,23
Union,Tennessee,47173,1935,34
Unicoi,Tennessee,47171,2051,49
Trousdale,Tennessee,47169,2509,22
Wood,Texas,48499,3450,128
Tipton,Tennessee,47167,7441,104
Wise,Texas,48497,7370,121
Sumner,Tennessee,47165,24257,349
Winkler,Texas,48495,769,21
Sullivan,Tennessee,47163,17111,302
Wilson,Texas,48493,4563,68
Williamson,Texas,48491,46600,475
Stewart,Tennessee,47161,1353,28
Smith,Tennessee,47159,2787,39
Shelby,Tennessee,47157,98298,1668
Willacy,Texas,48489,3019,88
Sevier,Tennessee,47155,13480,176
Wilbarger,Texas,48487,1919,55
Wichita,Texas,48485,15115,377
Sequatchie,Tennessee,47153,1731,29
Scott,Tennessee,47151,3181,45
Wheeler,Texas,48483,568,11
Wharton,Texas,48481,4186,116
Rutherford,Tennessee,47149,43401,440
Webb,Texas,48479,44133,841
Robertson,Tennessee,47147,9830,132
Washington,Texas,48477,4127,93
Wrangell City and Borough,Alaska,02275,54,0
Roane,Tennessee,47145,6343,105
Ward,Texas,48475,1199,24
Waller,Texas,48473,4210,49
Rhea,Tennessee,47143,4374,75
Putnam,Tennessee,47141,11463,175
Walker,Texas,48471,8796,130
Webster,Mississippi,28155,1148,32
Wayne,Mississippi,28153,2638,42
Winston,Mississippi,28159,2285,81
Wilkinson,Mississippi,28157,684,31
Washington,Mississippi,28151,5368,135
Wichita,Kansas,20203,217,6
Washington,Kansas,20201,534,14
Wyandotte,Kansas,20209,20567,293
Woodson,Kansas,20207,218,5
Wilson,Kansas,20205,1018,16
Yazoo,Mississippi,28163,3122,70
Yalobusha,Mississippi,28161,1660,38
Hyde,North Carolina,37095,668,9
Iredell,North Carolina,37097,18996,216
Jackson,North Carolina,37099,3620,56
Tippah,Mississippi,28139,2898,68
Hertford,North Carolina,37091,2109,63
Hoke,North Carolina,37093,4787,56
Sunflower,Mississippi,28133,3376,91
Stone,Mississippi,28131,1837,33
Tate,Mississippi,28137,3391,84
Tallahatchie,Mississippi,28135,1794,41
Harnett,North Carolina,37085,11784,174
Haywood,North Carolina,37087,4425,96
Henderson,North Carolina,37089,10261,161
Warren,Mississippi,28149,4416,121
Guilford,North Carolina,37081,48024,708
Halifax,North Carolina,37083,5627,112
Tunica,Mississippi,28143,1065,26
Tishomingo,Mississippi,28141,2290,67
Walthall,Mississippi,28147,1346,45
Union,Mississippi,28145,4131,76
Gates,North Carolina,37073,744,13
Graham,North Carolina,37075,605,12
Granville,North Carolina,37077,5993,82
Greene,North Carolina,37079,2359,44
Quitman,Mississippi,28119,816,16
Prentiss,Mississippi,28117,2810,60
Gaston,North Carolina,37071,26817,434
Wasatch,Utah,49051,4661,22
Perry,Mississippi,28111,1264,38
Pontotoc,Mississippi,28115,4223,73
Pike,Mississippi,28113,3347,106
Weber,Utah,49057,29442,209
Wayne,Utah,49055,129,0
Washington,Utah,49053,21194,206
Durham,North Carolina,37063,25641,229
Edgecombe,North Carolina,37065,5629,111
Forsyth,North Carolina,37067,36274,379
Utah,Utah,49049,96663,393
Franklin,North Carolina,37069,7000,51
Smith,Mississippi,28129,1632,34
Simpson,Mississippi,28127,2961,89
Duplin,North Carolina,37061,6316,132
Rankin,Mississippi,28121,13741,278
Sharkey,Mississippi,28125,504,17
Scott,Mississippi,28123,3174,74
Uintah,Utah,49047,2693,23
Tooele,Utah,49045,7410,44
Summit,Utah,49043,5569,13
Sevier,Utah,49041,2204,14
Windham,Connecticut,09015,10868,194
Tolland,Connecticut,09013,9555,187
New London,Connecticut,09011,22421,448
Avoyelles,Louisiana,22009,4253,123
Acadia,Louisiana,22001,6625,194
Allen,Louisiana,22003,3200,92
Ascension,Louisiana,22005,12472,166
New Haven,Connecticut,09009,91680,2112
Assumption,Louisiana,22007,2247,36
Middlesex,Connecticut,09007,12758,369
Litchfield,Connecticut,09005,14583,297
Hartford,Connecticut,09003,83795,2419
Fairfield,Connecticut,09001,99867,2192
Kent,Delaware,10001,18060,343
New Castle,Delaware,10003,64279,823
Sussex,Delaware,10005,25847,493
Appling,Georgia,13001,2321,72
Calhoun,Alabama,01015,14608,322
Butler,Alabama,01013,2202,70
Cherokee,Alabama,01019,1858,45
Chambers,Alabama,01017,3641,123
Bullock,Alabama,01011,1233,42
Bacon,Georgia,13005,1654,38
Atkinson,Georgia,13003,1032,22
Baldwin,Georgia,13009,4564,131
Baker,Georgia,13007,230,9
Blount,Alabama,01009,6832,139
Banks,Georgia,13011,1858,37
Baldwin,Alabama,01003,21554,310
Autauga,Alabama,01001,7118,110
Bibb,Alabama,01007,2659,64
Barbour,Alabama,01005,2328,58
Bartow,Georgia,13015,14894,228
Barrow,Georgia,13013,10100,139
Berrien,Georgia,13019,1871,45
Ben Hill,Georgia,13017,2110,79
Coosa,Alabama,01037,1097,29
Conecuh,Alabama,01035,1111,30
Covington,Alabama,01039,4176,119
Colbert,Alabama,01033,6337,137
Coffee,Alabama,01031,5594,120
Clarke,Alabama,01025,3517,61
Choctaw,Alabama,01023,613,25
Cleburne,Alabama,01029,1502,42
Clay,Alabama,01027,1577,57
Chilton,Alabama,01021,4412,115
Addison,Vermont,50001,1057,8
Bennington,Vermont,50003,2032,15
Caledonia,Vermont,50005,1067,7
Chittenden,Vermont,50007,7478,103
Essex,Vermont,50009,287,2
Wallace,Kansas,20199,179,4
Wabaunsee,Kansas,20197,685,14
Franklin,Vermont,50011,2028,39
Grand Isle,Vermont,50013,216,2
Lamoille,Vermont,50015,879,3
Trego,Kansas,20195,407,8
Orange,Vermont,50017,814,3
Thomas,Kansas,20193,1135,20
Orleans,Vermont,50019,1274,11
Sumner,Kansas,20191,2185,51
Rutland,Vermont,50021,2253,20
Washington,Vermont,50023,1881,15
Windham,Vermont,50025,1373,14
Windsor,Vermont,50027,1466,13
Cumberland,North Carolina,37051,29406,306
Dawson,Georgia,13085,3122,46
Currituck,North Carolina,37053,1573,16
Dade,Georgia,13083,1476,14
Dare,North Carolina,37055,2132,10
DeKalb,Georgia,13089,66933,1038
Davidson,North Carolina,37057,16774,187
Sanpete,Utah,49039,3867,22
Decatur,Georgia,13087,2959,70
Crisp,Georgia,13081,2101,82
Marshall,Alabama,01095,12326,227
Marion,Alabama,01093,3158,102
Monroe,Alabama,01099,1788,41
Mobile,Alabama,01097,41432,814
Davie,North Carolina,37059,4134,38
San Juan,Utah,49037,1914,37
Salt Lake,Utah,49035,150465,887
Marengo,Alabama,01091,2503,65
Rich,Utah,49033,158,0
Piute,Utah,49031,99,2
Dougherty,Georgia,13095,7634,305
Chowan,North Carolina,37041,1474,23
Dooly,Georgia,13093,1090,46
Clay,North Carolina,37043,793,18
Early,Georgia,13099,1181,48
Cleveland,North Carolina,37045,11556,226
Morgan,Utah,49029,1298,11
Douglas,Georgia,13097,15435,223
Columbus,North Carolina,37047,6365,151
Millard,Utah,49027,1440,14
Panola,Mississippi,28107,4625,108
Oktibbeha,Mississippi,28105,4645,98
Madison,Alabama,01089,35299,511
Dodge,Georgia,13091,2145,102
Pearl River,Mississippi,28109,4546,146
Limestone,Alabama,01083,10103,154
Lee,Alabama,01081,16049,173
Noxubee,Mississippi,28103,1273,34
Macon,Alabama,01087,1618,50
Newton,Mississippi,28101,2475,62
Lowndes,Alabama,01085,1413,53
Craven,North Carolina,37049,9390,126
Kane,Utah,49025,669,6
Juab,Utah,49023,1277,12
Iron,Utah,49021,5893,32
Clayton,Georgia,13063,27060,490
Carteret,North Carolina,37031,5162,53
Clay,Georgia,13061,239,3
Caswell,North Carolina,37033,2184,29
Grand,Utah,49019,985,3
Cobb,Georgia,13067,79645,1070
Catawba,North Carolina,37035,19602,305
Garfield,Utah,49017,469,10
Clinch,Georgia,13065,986,26
Chatham,North Carolina,37037,4699,88
Emery,Utah,49015,940,9
Cherokee,North Carolina,37039,2604,34
Duchesne,Utah,49013,1294,9
Coffee,Georgia,13069,5335,172
Davis,Utah,49011,38543,172
Columbia,Georgia,13073,17001,206
Colquitt,Georgia,13071,4730,123
Buncombe,North Carolina,37021,17899,329
Daggett,Utah,49009,49,0
Coweta,Georgia,13077,14231,220
Burke,North Carolina,37023,10041,154
Carbon,Utah,49007,1662,17
Cook,Georgia,13075,1836,42
Cabarrus,North Carolina,37025,22083,260
Cache,Utah,49005,16237,47
Box Elder,Utah,49003,5502,50
Caldwell,North Carolina,37027,9411,110
Crawford,Georgia,13079,655,19
Camden,North Carolina,37029,676,5
Beaver,Utah,49001,793,7
Avery,North Carolina,37011,2147,20
Carroll,Georgia,13045,11485,243
Beaufort,North Carolina,37013,4670,95
Candler,Georgia,13043,978,67
Franklin,Alabama,01059,4267,82
Suffolk,Massachusetts,25025,92556,1834
Fayette,Alabama,01057,2136,62
Worcester,Massachusetts,25027,76903,2229
Elmore,Alabama,01051,10219,207
Etowah,Alabama,01055,13961,357
Norfolk,Massachusetts,25021,54694,1783
Escambia,Alabama,01053,3958,77
Plymouth,Massachusetts,25023,48989,1435
Bertie,North Carolina,37015,1780,43
Charlton,Georgia,13049,1536,34
Bladen,North Carolina,37017,3316,42
Catoosa,Georgia,13047,6567,71
Brunswick,North Carolina,37019,9227,153
Chatham,Georgia,13051,23394,455
Chattooga,Georgia,13055,2884,72
Alamance,North Carolina,37001,18570,287
Chattahoochee,Georgia,13053,4200,16
Alexander,North Carolina,37003,4407,84
Dallas,Alabama,01047,3586,153
Dale,Alabama,01045,4892,114
DeKalb,Alabama,01049,8888,188
Cullman,Alabama,01043,9819,197
Crenshaw,Alabama,01041,1537,57
Clarke,Georgia,13059,15130,147
Alleghany,North Carolina,37005,1067,5
Cherokee,Georgia,13057,31515,322
Anson,North Carolina,37007,2600,55
Ashe,North Carolina,37009,2151,41
Bleckley,Georgia,13023,1486,51
Bibb,Georgia,13021,15999,450
Berkshire,Massachusetts,25003,6513,286
Lawrence,Alabama,01079,3064,99
Bristol,Massachusetts,25005,66477,1725
Dukes,Massachusetts,25007,1391,0
Essex,Massachusetts,25009,97349,2380
Jefferson,Alabama,01073,80099,1535
Jackson,Alabama,01071,6858,112
Lauderdale,Alabama,01077,9500,245
Lamar,Alabama,01075,1442,37
Barnstable,Massachusetts,25001,13873,466
Brooks,Georgia,13027,1407,48
Brantley,Georgia,13025,1647,39
Bryan,Georgia,13029,3688,40
Burke,Georgia,13033,2601,60
Bulloch,Georgia,13031,6849,117
Hampshire,Massachusetts,25015,9130,296
Houston,Alabama,01069,10695,284
Middlesex,Massachusetts,25017,134619,3751
Henry,Alabama,01067,1921,43
Nantucket,Massachusetts,25019,1517,0
Geneva,Alabama,01061,2553,81
Franklin,Massachusetts,25011,2565,113
Hale,Alabama,01065,2247,78
Hampden,Massachusetts,25013,52061,1515
Greene,Alabama,01063,927,34
Calhoun,Georgia,13037,590,15
Butts,Georgia,13035,3159,87
Camden,Georgia,13039,3999,37
Carroll,Indiana,18015,1918,22
Cass,Indiana,18017,5918,108
Boone,Indiana,18011,6812,106
Brown,Indiana,18013,1030,41
Kern,California,06029,109676,1383
Imperial,California,06025,28574,735
Inyo,California,06027,1429,38
Glenn,California,06021,2934,25
Humboldt,California,06023,4248,43
Clark,Indiana,18019,13105,201
Crawford,Indiana,18025,1017,16
Daviess,Indiana,18027,2993,101
Clay,Indiana,18021,2623,47
Clinton,Indiana,18023,4316,58
El Dorado,California,06017,10247,113
Fresno,California,06019,102270,1698
Contra Costa,California,06013,69392,809
Del Norte,California,06015,1419,8
Colusa,California,06011,2252,18
Dearborn,Indiana,18029,5857,81
Merced,California,06047,32082,468
Modoc,California,06049,366,3
Mariposa,California,06043,453,7
Mendocino,California,06045,4153,49
Marin,California,06041,14048,227
Allen,Indiana,18003,41275,704
Bartholomew,Indiana,18005,8139,161
Adams,Indiana,18001,3501,56
Madera,California,06039,16504,243
Lassen,California,06035,5721,24
Los Angeles,California,06037,1239584,24197
Kings,California,06031,23038,247
Lake,California,06033,3504,43
Benton,Indiana,18007,991,14
Blackford,Indiana,18009,1366,32
Ashland,Wisconsin,55003,1383,15
Adams,Wisconsin,55001,1950,18
Bayfield,Wisconsin,55007,1286,19
Barron,Wisconsin,55005,6018,83
Brown,Wisconsin,55009,35396,289
Burnett,Wisconsin,55013,1562,22
Buffalo,Wisconsin,55011,1407,7
Chippewa,Wisconsin,55017,7630,96
Calumet,Wisconsin,55015,6501,56
Clark,Wisconsin,55019,3687,63
Wilson,North Carolina,37195,9727,177
Yadkin,North Carolina,37197,4078,50
Yancey,North Carolina,37199,1635,28
Columbia,Wisconsin,55021,5891,69
Butte,California,06007,12271,189
Wayne,North Carolina,37191,11304,245
Calaveras,California,06009,2151,55
Wilkes,North Carolina,37193,6749,113
Dane,Wisconsin,55025,46456,331
Alpine,California,06003,88,0
Amador,California,06005,3672,47
Crawford,Wisconsin,55023,1792,19
Door,Wisconsin,55029,2842,30
Alameda,California,06001,88566,1679
Dodge,Wisconsin,55027,12862,186
Wake,North Carolina,37183,88766,732
Warren,North Carolina,37185,1800,20
Washington,North Carolina,37187,1101,31
Watauga,North Carolina,37189,4718,31
Douglas,Wisconsin,55031,4942,58
Vance,North Carolina,37181,4976,87
Eau Claire,Wisconsin,55035,11935,119
Dunn,Wisconsin,55033,5083,32
Fond du Lac,Wisconsin,55039,13770,122
Florence,Wisconsin,55037,503,13
Webster,Louisiana,22119,4150,113
Marshall,Indiana,18099,6163,114
Madison,Indiana,18095,12861,360
Union,Louisiana,22111,2417,80
Garfield,Nebraska,31071,153,1
Marion,Indiana,18097,101628,1822
Vermilion,Louisiana,22113,5506,121
Gosper,Nebraska,31073,184,5
LaPorte,Indiana,18091,12211,219
Vernon,Louisiana,22115,3143,103
Washington,Louisiana,22117,4395,132
Lawrence,Indiana,18093,4651,123
Hall,Nebraska,31079,7860,118
Grant,Nebraska,31075,41,4
Greeley,Nebraska,31077,214,1
West Baton Rouge,Louisiana,22121,2904,61
Franklin,Nebraska,31061,242,4
West Carroll,Louisiana,22123,1181,41
Frontier,Nebraska,31063,193,1
West Feliciana,Louisiana,22125,1173,34
Winn,Louisiana,22127,1566,45
Garden,Nebraska,31069,113,1
Furnas,Nebraska,31065,508,5
Sonoma,California,06097,30169,321
Gage,Nebraska,31067,2187,19
Stanislaus,California,06099,62612,1064
Siskiyou,California,06093,2327,29
Solano,California,06095,33188,254
Sierra,California,06091,54,0
Jefferson,Indiana,18077,3327,83
Jennings,Indiana,18079,2325,51
Jasper,Indiana,18073,3778,54
Jay,Indiana,18075,2001,33
Dixon,Nebraska,31051,611,9
Jackson,Indiana,18071,5055,75
Dundy,Nebraska,31057,185,4
Fillmore,Nebraska,31059,507,8
Dodge,Nebraska,31053,4964,62
Douglas,Nebraska,31055,71756,718
Tensas,Louisiana,22107,361,8
Terrebonne,Louisiana,22109,10465,223
LaGrange,Indiana,18087,2708,72
Lake,Indiana,18089,54778,1033
Knox,Indiana,18083,3743,90
St. Mary,Louisiana,22101,4793,139
Kosciusko,Indiana,18085,9546,121
Custer,Nebraska,31041,852,19
St. Tammany,Louisiana,22103,25887,525
Johnson,Indiana,18081,18221,398
Tangipahoa,Louisiana,22105,12830,298
Dawson,Nebraska,31047,2888,31
Deuel,Nebraska,31049,107,1
Dakota,Nebraska,31043,4133,82
Dawes,Nebraska,31045,749,12
Hancock,Indiana,18059,8441,146
Greene,Indiana,18055,2838,89
Hamilton,Indiana,18057,36092,429
Gibson,Indiana,18051,4407,95
Grant,Indiana,18053,7562,181
San Benito,California,06069,6072,63
Clay,Nebraska,31035,706,11
Colfax,Nebraska,31037,1593,21
Riverside,California,06065,300321,4604
Cherry,Nebraska,31031,301,7
Sacramento,California,06067,105844,1699
Cheyenne,Nebraska,31033,938,16
Placer,California,06061,22918,295
Plumas,California,06063,720,6
Cuming,Nebraska,31039,1056,15
Huntington,Indiana,18069,3983,82
Henry,Indiana,18065,5842,107
Howard,Indiana,18067,10117,226
Harrison,Indiana,18061,4386,75
Hendricks,Indiana,18063,17480,336
Cass,Nebraska,31025,2676,16
Nevada,California,06057,4790,75
Cedar,Nebraska,31027,776,11
Orange,California,06059,271673,5052
Burt,Nebraska,31021,671,12
Monterey,California,06053,43695,385
Butler,Nebraska,31023,856,12
Napa,California,06055,9924,82
Mono,California,06051,1288,4
Chase,Nebraska,31029,463,5
Dubois,Indiana,18037,6180,118
Elkhart,Indiana,18039,29155,462
DeKalb,Indiana,18033,4345,88
Delaware,Indiana,18035,10848,196
Decatur,Indiana,18031,2929,96
Box Butte,Nebraska,31013,942,8
Boyd,Nebraska,31015,176,3
Santa Cruz,California,06087,16173,207
Shasta,California,06089,12360,228
Boone,Nebraska,31011,584,4
Santa Barbara,California,06083,34319,459
Santa Clara,California,06085,119333,2117
Brown,Nebraska,31017,220,2
San Mateo,California,06081,42248,573
Buffalo,Nebraska,31019,5520,57
Franklin,Indiana,18047,1708,36
Fulton,Indiana,18049,1973,40
Floyd,Indiana,18043,7718,183
Fountain,Indiana,18045,2154,47
Fayette,Indiana,18041,2968,65
Antelope,Nebraska,31003,536,7
San Luis Obispo,California,06079,21263,261
Arthur,Nebraska,31005,22,1
San Francisco,California,06075,36930,547
Adams,Nebraska,31001,2992,46
San Joaquin,California,06077,73617,1403
San Bernardino,California,06071,297615,4747
San Diego,California,06073,279753,3751
Banner,Nebraska,31007,36,0
Blaine,Nebraska,31009,21,0
Fulton,Georgia,13121,98444,1404
Faulk,South Dakota,46049,372,13
Fall River,South Dakota,46047,597,16
Pointe Coupee,Louisiana,22077,2668,74
Rapides,Louisiana,22079,12374,317
Winston,Alabama,01133,2763,73
Orleans,Louisiana,22071,30443,793
Ouachita,Louisiana,22073,18682,454
Wilcox,Alabama,01131,1274,30
Plaquemines,Louisiana,22075,2538,27
Glascock,Georgia,13125,269,19
Edmunds,South Dakota,46045,513,14
Gilmer,Georgia,13123,3010,85
Douglas,South Dakota,46043,455,9
Gordon,Georgia,13129,8246,117
Dewey,South Dakota,46041,1474,28
Glynn,Georgia,13127,8254,176
Deuel,South Dakota,46039,530,9
Day,South Dakota,46037,708,29
Greene,Georgia,13133,1843,64
Davison,South Dakota,46035,3239,67
Grady,Georgia,13131,2210,60
Tuscaloosa,Alabama,01125,25992,457
St. Charles,Louisiana,22089,5488,97
Tallapoosa,Alabama,01123,4059,152
Washington,Alabama,01129,1683,39
Walker,Alabama,01127,7274,279
Red River,Louisiana,22081,884,38
Richland,Louisiana,22083,2464,56
Talladega,Alabama,01121,8364,179
Sabine,Louisiana,22085,2965,61
St. Bernard,Louisiana,22087,4058,52
Custer,South Dakota,46033,871,12
Habersham,Georgia,13137,5194,161
Corson,South Dakota,46031,480,12
Gwinnett,Georgia,13135,102337,1170
Hall,Georgia,13139,27624,475
Codington,South Dakota,46029,4646,82
Clay,South Dakota,46027,1925,15
Clark,South Dakota,46025,464,6
Lafayette,Louisiana,22055,23878,284
Lafourche,Louisiana,22057,9756,204
Warren,New Jersey,34041,9925,236
LaSalle,Louisiana,22059,1582,37
Evans,Georgia,13109,976,29
Jefferson,Louisiana,22051,46610,897
Jefferson Davis,Louisiana,22053,3196,97
Effingham,Georgia,13103,4668,69
Charles Mix,South Dakota,46023,1379,22
Echols,Georgia,13101,478,9
Campbell,South Dakota,46021,131,4
Emanuel,Georgia,13107,2572,81
Elbert,Georgia,13105,2303,73
Butte,South Dakota,46019,1067,20
Buffalo,South Dakota,46017,426,13
Brule,South Dakota,46015,717,10
Fannin,Georgia,13111,2405,73
Brown,South Dakota,46013,5610,92
Salem,New Jersey,34033,6066,185
Morehouse,Louisiana,22067,2845,78
Passaic,New Jersey,34031,72668,1913
Natchitoches,Louisiana,22069,4093,91
Union,New Jersey,34039,71229,1959
Lincoln,Louisiana,22061,4574,93
Sussex,New Jersey,34037,13946,301
Livingston,Louisiana,22063,13612,206
Somerset,New Jersey,34035,29975,838
Madison,Louisiana,22065,1570,40
Brookings,South Dakota,46011,4221,37
Floyd,Georgia,13115,12077,234
Fayette,Georgia,13113,9043,172
Franklin,Georgia,13119,2696,50
Forsyth,Georgia,13117,23062,196
Bon Homme,South Dakota,46009,1551,27
Bennett,South Dakota,46007,391,9
Beadle,South Dakota,46005,2960,40
Aurora,South Dakota,46003,475,15
East Baton Rouge,Louisiana,22033,40091,816
Mercer,New Jersey,34021,33845,947
East Carroll,Louisiana,22035,1131,26
East Feliciana,Louisiana,22037,3198,112
Evangeline,Louisiana,22039,3643,93
Ocean,New Jersey,34029,75597,2145
Morris,New Jersey,34027,49954,1223
Monmouth,New Jersey,34025,75329,1613
De Soto,Louisiana,22031,2811,78
Middlesex,New Jersey,34023,91934,2349
Cumberland,New Jersey,34011,17006,433
Iberia,Louisiana,22045,7220,154
Iberville,Louisiana,22047,3865,100
Jackson,Louisiana,22049,2002,50
Hunterdon,New Jersey,34019,9758,175
Hudson,New Jersey,34017,87773,2268
Gloucester,New Jersey,34015,30423,636
Franklin,Louisiana,22041,2499,106
Essex,New Jersey,34013,93782,2970
Grant,Louisiana,22043,2189,57
Calcasieu,Louisiana,22019,22743,439
Sumter,Alabama,01119,1053,32
Beauregard,Louisiana,22011,3236,78
Russell,Alabama,01113,4487,39
Bienville,Louisiana,22013,1677,82
Randolph,Alabama,01111,1842,43
Bossier,Louisiana,22015,14076,303
Shelby,Alabama,01117,25361,251
Caddo,Louisiana,22017,26487,746
St. Clair,Alabama,01115,9985,246
Camden,New Jersey,34007,55359,1304
Burlington,New Jersey,34005,44063,846
Bergen,New Jersey,34003,104054,2862
Atlantic,New Jersey,34001,31492,678
Cape May,New Jersey,34009,9147,207
Pike,Alabama,01109,3126,77
Morgan,Alabama,01103,14491,281
Cameron,Louisiana,22023,603,6
Montgomery,Alabama,01101,24840,596
Catahoula,Louisiana,22025,1164,38
Pickens,Alabama,01107,2354,62
Claiborne,Louisiana,22027,1440,55
Perry,Alabama,01105,1081,26
Concordia,Louisiana,22029,1876,61
Caldwell,Louisiana,22021,1117,29
Swain,North Carolina,37173,1220,18
Transylvania,North Carolina,37175,2404,33
Tyrrell,North Carolina,37177,322,6
Union,North Carolina,37179,24627,220
Surry,North Carolina,37171,8317,164
Rutherford,North Carolina,37161,7394,213
Sampson,North Carolina,37163,7983,112
Scotland,North Carolina,37165,3820,86
Stanly,North Carolina,37167,7886,134
Stokes,North Carolina,37169,4148,80
Long,Georgia,13183,867,12
Randolph,North Carolina,37151,15139,230
Lincoln,Georgia,13181,821,27
Richmond,North Carolina,37153,4712,96
Lumpkin,Georgia,13187,3025,76
Robeson,North Carolina,37155,16587,240
Lowndes,Georgia,13185,12818,213
Rockingham,North Carolina,37157,7732,110
Rowan,North Carolina,37159,17001,306
McDuffie,Georgia,13189,2525,50
Madison,Georgia,13195,3275,58
Pender,North Carolina,37141,5498,69
Macon,Georgia,13193,887,32
Perquimans,North Carolina,37143,1021,12
Meriwether,Georgia,13199,2041,86
Person,North Carolina,37145,3434,70
Marion,Georgia,13197,568,19
McIntosh,Georgia,13191,868,16
Marshall,South Dakota,46091,374,6
Minnehaha,South Dakota,46099,31665,360
Pitt,North Carolina,37147,20065,93
Polk,North Carolina,37149,1493,29
Miner,South Dakota,46097,304,10
Mellette,South Dakota,46095,261,2
Meade,South Dakota,46093,2777,31
Jeff Davis,Georgia,13161,1901,43
Northampton,North Carolina,37131,1889,59
Jenkins,Georgia,13165,855,44
Onslow,North Carolina,37133,17376,146
Jefferson,Georgia,13163,1960,68
Orange,North Carolina,37135,8559,101
Lawrence,South Dakota,46081,2996,47
Jones,Georgia,13169,2033,57
Pamlico,North Carolina,37137,1119,13
McPherson,South Dakota,46089,246,4
Johnson,Georgia,13167,1125,49
McCook,South Dakota,46087,809,25
Pasquotank,North Carolina,37139,3405,83
Lyman,South Dakota,46085,656,11
Lincoln,South Dakota,46083,8698,77
Lanier,Georgia,13173,790,13
Lamar,Georgia,13171,2054,57
Mitchell,North Carolina,37121,1469,16
Lee,Georgia,13177,2756,60
Montgomery,North Carolina,37123,3337,94
Lake,South Dakota,46079,1378,20
Laurens,Georgia,13175,5642,169
St. Louis city,Missouri,29510,24833,504
Moore,North Carolina,37125,8948,190
Kingsbury,South Dakota,46077,817,18
Nash,North Carolina,37127,11593,192
Jones,South Dakota,46075,93,0
Liberty,Georgia,13179,4088,64
New Hanover,North Carolina,37129,19344,167
Jerauld,South Dakota,46073,278,16
Jackson,South Dakota,46071,289,14
Haralson,Georgia,13143,2665,85
McDowell,North Carolina,37111,5251,63
Hancock,Georgia,13141,925,67
Macon,North Carolina,37113,3139,38
Hyde,South Dakota,46069,141,1
St. Martin,Louisiana,22099,5365,117
St. Helena,Louisiana,22091,942,11
St. James,Louisiana,22093,1997,50
St. John the Baptist,Louisiana,22095,3771,140
St. Landry,Louisiana,22097,8998,258
Hart,Georgia,13147,2383,54
Hutchinson,South Dakota,46067,919,28
Madison,North Carolina,37115,1604,42
Harris,Georgia,13145,2602,59
Hughes,South Dakota,46065,2513,40
Martin,North Carolina,37117,2266,43
Mecklenburg,North Carolina,37119,112976,967
Harding,South Dakota,46063,97,1
Heard,Georgia,13149,882,20
Hanson,South Dakota,46061,388,4
Henry,Georgia,13151,25603,327
Hand,South Dakota,46059,363,6
Irwin,Georgia,13155,931,31
Johnston,North Carolina,37101,21908,220
Hamlin,South Dakota,46057,797,39
Houston,Georgia,13153,14798,262
Jones,North Carolina,37103,864,28
Haakon,South Dakota,46055,264,10
Jasper,Georgia,13159,1410,39
Lee,North Carolina,37105,6056,79
Gregory,South Dakota,46053,581,30
Jackson,Georgia,13157,9931,152
Lenoir,North Carolina,37107,6141,117
Grant,South Dakota,46051,1055,42
Lincoln,North Carolina,37109,10185,86
Jackson,Oklahoma,40065,3117,56
Randolph,Indiana,18135,2471,83
Holmes,Ohio,39075,2643,101
Ripley,Indiana,18137,3428,70
Hughes,Oklahoma,40063,1239,28
Huron,Ohio,39077,5485,120
Pulaski,Indiana,18131,1183,46
Johnston,Oklahoma,40069,1377,35
Jackson,Ohio,39079,3151,52
Putnam,Indiana,18133,3674,60
Jefferson,Oklahoma,40067,703,13
Highland,Ohio,39071,3576,62
Hocking,Ohio,39073,2178,62
Mahnomen,Minnesota,27087,562,9
Logan,Nebraska,31113,82,0
McLeod,Minnesota,27085,4275,60
Loup,Nebraska,31115,42,0
Lincoln,Nebraska,31111,3866,60
Marshall,Minnesota,27089,882,17
Rush,Indiana,18139,1814,25
Lyon,Minnesota,27083,3632,52
Haskell,Oklahoma,40061,1254,17
McPherson,Nebraska,31117,29,1
Madison,Nebraska,31119,4301,44
Lincoln,Minnesota,27081,583,3
Hardin,Ohio,39065,2733,64
Spencer,Indiana,18147,2337,31
Grant,Oklahoma,40053,549,6
Harrison,Ohio,39067,1112,37
Grady,Oklahoma,40051,5963,121
Starke,Indiana,18149,2214,57
Henry,Ohio,39069,2714,67
Scott,Indiana,18143,2688,57
Harmon,Oklahoma,40057,327,4
Shelby,Indiana,18145,5957,106
Greer,Oklahoma,40055,585,21
St. Joseph,Indiana,18141,36616,572
Harper,Oklahoma,40059,420,6
Hamilton,Ohio,39061,80741,1226
Hancock,Ohio,39063,6981,130
Mower,Minnesota,27099,4692,32
Keith,Nebraska,31101,723,10
Morrison,Minnesota,27097,4218,60
Keya Paha,Nebraska,31103,54,0
Martin,Minnesota,27091,2326,32
Lancaster,Nebraska,31109,31454,236
Kimball,Nebraska,31105,422,2
Mille Lacs,Minnesota,27095,3094,54
Knox,Nebraska,31107,886,12
Meeker,Minnesota,27093,2606,40
Noble,Indiana,18113,5724,87
Dewey,Oklahoma,40043,552,14
Gallia,Ohio,39053,2381,49
Ohio,Indiana,18115,577,11
Delaware,Oklahoma,40041,4650,91
Geauga,Ohio,39055,6788,149
Garfield,Oklahoma,40047,7806,131
Greene,Ohio,39057,15185,246
Newton,Indiana,18111,1105,37
Ellis,Oklahoma,40045,357,5
Guernsey,Ohio,39059,3206,53
Garvin,Oklahoma,40049,3613,78
Fulton,Ohio,39051,4299,70
Kanabec,Minnesota,27065,1457,27
Racine,Wisconsin,55101,25139,383
Jackson,Minnesota,27063,1223,12
Kittson,Minnesota,27069,486,22
Rock,Wisconsin,55105,18213,199
Kandiyohi,Minnesota,27067,6605,84
Richland,Wisconsin,55103,1388,15
St. Croix,Wisconsin,55109,9714,63
Rusk,Wisconsin,55107,1425,18
Orange,Indiana,18117,1870,57
Itasca,Minnesota,27061,4500,60
Owen,Indiana,18119,2062,58
Erie,Ohio,39043,8008,158
Comanche,Oklahoma,40031,13853,188
Pike,Indiana,18125,1364,34
Fairfield,Ohio,39045,16404,202
Porter,Indiana,18127,19115,330
Fayette,Ohio,39047,2840,50
Craig,Oklahoma,40035,1988,18
Parke,Indiana,18121,1486,16
Franklin,Ohio,39049,127421,1423
Cotton,Oklahoma,40033,695,16
Perry,Indiana,18123,1863,38
Custer,Oklahoma,40039,4075,98
Creek,Oklahoma,40037,6972,157
Delaware,Ohio,39041,18675,133
Sawyer,Wisconsin,55113,1814,28
Lake of the Woods,Minnesota,27077,340,3
Sauk,Wisconsin,55111,6190,54
Lake,Minnesota,27075,815,20
Sheboygan,Wisconsin,55117,14718,155
Shawano,Wisconsin,55115,5312,84
Le Sueur,Minnesota,27079,2952,24
Taylor,Wisconsin,55119,2123,32
Lac qui Parle,Minnesota,27073,755,22
Posey,Indiana,18129,2726,34
Koochiching,Minnesota,27071,892,15
Cherokee,Oklahoma,40021,5632,75
Coshocton,Ohio,39031,2672,57
Crawford,Ohio,39033,4009,110
Cimarron,Oklahoma,40025,214,1
Cuyahoga,Ohio,39035,114272,2153
Choctaw,Oklahoma,40023,1616,22
Darke,Ohio,39037,5389,126
Coal,Oklahoma,40029,699,15
Tuolumne,California,06109,4159,67
Cleveland,Oklahoma,40027,31140,406
Goodhue,Minnesota,27049,4815,72
Trinity,California,06105,329,3
Tulare,California,06107,50131,842
Faribault,Minnesota,27043,1533,19
Sutter,California,06101,9480,113
Vernon,Wisconsin,55123,2011,42
Douglas,Minnesota,27041,4725,79
Trempealeau,Wisconsin,55121,3660,45
Tehama,California,06103,5041,63
Freeborn,Minnesota,27047,3444,30
Walworth,Wisconsin,55127,12609,161
Fillmore,Minnesota,27045,1570,10
Vilas,Wisconsin,55125,2425,41
Defiance,Ohio,39039,4278,97
Washburn,Wisconsin,55129,1576,22
Champaign,Ohio,39021,3390,58
Miami,Indiana,18103,3870,69
Clark,Ohio,39023,14157,301
Monroe,Indiana,18105,12021,174
Clermont,Ohio,39025,19969,247
Bryan,Oklahoma,40013,6118,72
Clinton,Ohio,39027,3759,64
Martin,Indiana,18101,903,15
Blaine,Oklahoma,40011,1045,19
Canadian,Oklahoma,40017,17284,175
Caddo,Oklahoma,40015,3972,89
Washington,Wisconsin,55131,16823,168
Carter,Oklahoma,40019,6142,111
Waupaca,Wisconsin,55135,6052,164
Houston,Minnesota,27055,1728,16
Waukesha,Wisconsin,55133,48978,589
Hennepin,Minnesota,27053,123816,1741
Winnebago,Wisconsin,55139,21350,219
Isanti,Minnesota,27059,4328,64
Waushara,Wisconsin,55137,2542,37
Hubbard,Minnesota,27057,1929,41
Columbiana,Ohio,39029,8934,229
Montgomery,Indiana,18107,4277,91
Grant,Minnesota,27051,590,8
Morgan,Indiana,18109,6665,145
Auglaize,Ohio,39011,4971,87
Alfalfa,Oklahoma,40003,1154,6
Belmont,Ohio,39013,6057,171
Adair,Oklahoma,40001,3182,41
Brown,Ohio,39015,3989,58
Clearwater,Minnesota,27029,880,16
Beaver,Oklahoma,40007,475,6
Clay,Minnesota,27027,8213,92
Atoka,Oklahoma,40005,1873,25
Wood,Wisconsin,55141,7636,94
Beckham,Oklahoma,40009,2898,57
Cass,Minnesota,27021,2805,31
Chisago,Minnesota,27025,6107,51
Chippewa,Minnesota,27023,1534,38
Butler,Ohio,39017,38681,590
Carroll,Ohio,39019,1934,48
Adams,Ohio,39001,2405,54
Allen,Ohio,39003,11788,233
Ashland,Ohio,39005,4306,92
Dodge,Minnesota,27039,1863,3
Yolo,California,06113,14004,213
Cottonwood,Minnesota,27033,1665,23
Yuba,California,06115,6323,49
Cook,Minnesota,27031,168,0
Dakota,Minnesota,27037,46402,459
Ventura,California,06111,81257,1022
Crow Wing,Minnesota,27035,6736,92
Ashtabula,Ohio,39007,6985,174
Athens,Ohio,39009,5210,59
Webster,Nebraska,31181,391,7
Wheeler,Nebraska,31183,39,0
York,Nebraska,31185,1773,13
Thomas,Nebraska,31171,53,1
Thurston,Nebraska,31173,848,11
Wayne,Nebraska,31179,1090,7
Valley,Nebraska,31175,327,2
Washington,Nebraska,31177,2198,25
Sheridan,Nebraska,31161,530,11
Stanton,Nebraska,31167,373,11
Thayer,Nebraska,31169,495,4
Sherman,Nebraska,31163,212,4
Sioux,Nebraska,31165,39,0
Wells,Indiana,18179,2958,83
Washington,Indiana,18175,2427,33
Wayne,Indiana,18177,7487,203
Warren,Indiana,18171,830,16
Warrick,Indiana,18173,7823,158
Saline,Nebraska,31151,2045,2
Scotts Bluff,Nebraska,31157,4655,96
Seward,Nebraska,31159,2007,33
Sarpy,Nebraska,31153,22849,131
Saunders,Nebraska,31155,2534,16
Mayes,Oklahoma,40097,4214,69
Marshall,Oklahoma,40095,2048,23
Murray,Oklahoma,40099,2018,38
Whitley,Indiana,18183,4019,40
White,Indiana,18181,3207,54
Red Willow,Nebraska,31145,1211,15
Richardson,Nebraska,31147,737,19
Platte,Nebraska,31141,4151,50
Polk,Nebraska,31143,585,18
Major,Oklahoma,40093,956,21
Rock,Nebraska,31149,102,2
McIntosh,Oklahoma,40091,2010,59
Tippecanoe,Indiana,18157,22601,222
McClain,Oklahoma,40087,5306,69
Madison,Ohio,39097,4415,63
Tipton,Indiana,18159,1642,47
Love,Oklahoma,40085,1504,21
Mahoning,Ohio,39099,22027,591
Sullivan,Indiana,18153,2129,42
Switzerland,Indiana,18155,799,8
McCurtain,Oklahoma,40089,3946,90
Steuben,Indiana,18151,3941,59
Logan,Ohio,39091,3847,76
Lorain,Ohio,39093,25380,489
Lucas,Ohio,39095,42907,793
Perkins,Nebraska,31135,294,11
Phelps,Nebraska,31137,1001,10
Otoe,Nebraska,31131,1473,10
Pawnee,Nebraska,31133,234,1
Logan,Oklahoma,40083,4276,57
Pierce,Nebraska,31139,642,20
Lincoln,Oklahoma,40081,3248,72
Lawrence,Ohio,39087,5631,103
Wabash,Indiana,18169,3575,81
Kiowa,Oklahoma,40075,818,25
Licking,Ohio,39089,16556,214
Kingfisher,Oklahoma,40073,2056,38
Vermillion,Indiana,18165,1709,44
Le Flore,Oklahoma,40079,5590,64
Vigo,Indiana,18167,12541,255
Latimer,Oklahoma,40077,836,13
Union,Indiana,18161,750,11
Jefferson,Ohio,39081,5616,153
Vanderburgh,Indiana,18163,22468,402
Knox,Ohio,39083,4529,110
Lake,Ohio,39085,20981,373
Morrill,Nebraska,31123,513,7
Nance,Nebraska,31125,414,10
Merrick,Nebraska,31121,788,15
Kay,Oklahoma,40071,5325,126
Nemaha,Nebraska,31127,694,15
Nuckolls,Nebraska,31129,431,11
Randolph,Georgia,13243,630,34
Rabun,Georgia,13241,1770,49
Bristol city,Virginia,51520,1548,34
Rockdale,Georgia,13247,7773,170
Richmond,Georgia,13245,24927,514
Schley,Georgia,13249,352,5
Seminole,Georgia,13253,951,19
Screven,Georgia,13251,995,31
Buena Vista city,Virginia,51530,912,21
Stephens,Georgia,13257,3145,83
Spalding,Georgia,13255,6392,191
Stewart,Georgia,13259,918,25
Oglethorpe,Georgia,13221,1499,29
Charlottesville city,Virginia,51540,4010,57
Peach,Georgia,13225,2685,61
Paulding,Georgia,13223,17146,226
Pierce,Georgia,13229,2497,55
Pickens,Georgia,13227,3507,80
Pike,Georgia,13231,2307,41
Ziebach,South Dakota,46137,344,9
Yankton,South Dakota,46135,3102,34
Chesapeake city,Virginia,51550,21015,298
Pulaski,Georgia,13235,939,44
Polk,Georgia,13233,5730,96
Quitman,Georgia,13239,168,2
Putnam,Georgia,13237,2212,56
Walworth,South Dakota,46129,772,15
Union,South Dakota,46127,2225,43
Turner,South Dakota,46125,1176,56
Tripp,South Dakota,46123,755,17
Montgomery,Georgia,13209,896,23
Todd,South Dakota,46121,1231,32
Miller,Georgia,13201,855,13
Monroe,Georgia,13207,2686,99
Mitchell,Georgia,13205,2089,83
Sully,South Dakota,46119,143,3
Stanley,South Dakota,46117,351,2
Spink,South Dakota,46115,843,26
Oconee,Georgia,13219,4038,72
Colonial Heights city,Virginia,51570,1711,61
Murray,Georgia,13213,5019,88
Sanborn,South Dakota,46111,344,3
Morgan,Georgia,13211,2273,30
Newton,Georgia,13217,11245,252
Muscogee,Georgia,13215,16672,470
Potter,South Dakota,46107,391,4
Perkins,South Dakota,46105,359,14
Pennington,South Dakota,46103,13795,197
Moody,South Dakota,46101,664,18
Oglala Lakota,South Dakota,46102,2114,49
Howard,Nebraska,31093,559,10
Jefferson,Nebraska,31095,669,1
Roberts,South Dakota,46109,1372,39
Hooker,Nebraska,31091,54,2
Covington city,Virginia,51580,605,13
Johnson,Nebraska,31097,642,9
Kearney,Nebraska,31099,690,5
Harlan,Nebraska,31083,219,0
Hayes,Nebraska,31085,61,0
Hamilton,Nebraska,31081,968,18
Danville city,Virginia,51590,4442,138
Emporia city,Virginia,51595,669,42
Hitchcock,Nebraska,31087,255,5
Holt,Nebraska,31089,864,16
Beltrami,Minnesota,27007,4023,59
Becker,Minnesota,27005,3834,54
Grant,Wisconsin,55043,5718,92
Benton,Minnesota,27009,5779,97
Forest,Wisconsin,55041,1040,26
Green Lake,Wisconsin,55047,2027,22
Green,Wisconsin,55045,3638,25
Anoka,Minnesota,27003,42316,446
Iowa,Wisconsin,55049,2134,11
Aitkin,Minnesota,27001,1367,36
Carver,Minnesota,27019,10574,46
Carlton,Minnesota,27017,3492,55
Jackson,Wisconsin,55053,2707,28
Iron,Wisconsin,55051,700,40
Big Stone,Minnesota,27011,603,4
Juneau,Wisconsin,55057,3321,28
Jefferson,Wisconsin,55055,9643,133
Brown,Minnesota,27015,3069,40
Blue Earth,Minnesota,27013,7583,41
Kenosha,Wisconsin,55059,18591,326
Honolulu,Hawaii,15003,26923,384
Hawaii,Hawaii,15001,2853,53
Kewaunee,Wisconsin,55061,2708,35
Lafayette,Wisconsin,55065,1725,10
La Crosse,Wisconsin,55063,13613,88
Lincoln,Wisconsin,55069,3284,93
Langlade,Wisconsin,55067,2183,46
Kauai,Hawaii,15007,317,2
Kalawao,Hawaii,15005,1,0
Maui,Hawaii,15009,4594,54
Manitowoc,Wisconsin,55071,8875,90
Marinette,Wisconsin,55075,4679,69
Marathon,Wisconsin,55073,16359,225
Milwaukee,Wisconsin,55079,116949,1375
Menominee,Wisconsin,55078,812,11
Marquette,Wisconsin,55077,1577,28
Treutlen,Georgia,13283,852,27
Towns,Georgia,13281,1245,56
Turner,Georgia,13287,1033,39
Troup,Georgia,13285,7585,229
Oconto,Wisconsin,55083,5061,64
Monroe,Wisconsin,55081,4696,39
Outagamie,Wisconsin,55087,23775,223
Oneida,Wisconsin,55085,3809,77
Ozaukee,Wisconsin,55089,9237,96
Twiggs,Georgia,13289,725,44
Upson,Georgia,13293,3495,129
Union,Georgia,13291,2252,72
Walton,Georgia,13297,10817,260
Walker,Georgia,13295,7724,86
Pierce,Wisconsin,55093,4971,43
Pepin,Wisconsin,55091,889,7
Portage,Wisconsin,55097,7382,72
Polk,Wisconsin,55095,4761,60
Price,Wisconsin,55099,1343,7
Ware,Georgia,13299,4933,176
Sumter,Georgia,13261,2588,103
Taliaferro,Georgia,13265,122,3
Talbot,Georgia,13263,490,18
Taylor,Georgia,13269,810,26
Tattnall,Georgia,13267,2329,66
Telfair,Georgia,13271,1319,58
Thomas,Georgia,13275,4497,124
Terrell,Georgia,13273,812,47
Toombs,Georgia,13279,3430,113
Alexandria city,Virginia,51510,11827,136
Tift,Georgia,13277,4944,126
Wyandot,Ohio,39175,2333,56
Williams,Ohio,39171,3447,77
Wood,Ohio,39173,13218,192
Woodward,Oklahoma,40153,3166,35
Vinton,Ohio,39163,851,16
Woods,Oklahoma,40151,1203,17
Warren,Ohio,39165,24481,303
Washington,Ohio,39167,5258,109
Wayne,Ohio,39169,9007,216
Van Wert,Ohio,39161,2455,64
Summit,Ohio,39153,47932,970
Tillman,Oklahoma,40141,803,17
Trumbull,Ohio,39155,16334,473
Tuscarawas,Ohio,39157,8552,245
Wagoner,Oklahoma,40145,8114,116
Union,Ohio,39159,5791,49
Tulsa,Oklahoma,40143,74893,1061
Washita,Oklahoma,40149,1084,22
Washington,Oklahoma,40147,5216,111
Stark,Ohio,39151,32952,914
Watonwan,Minnesota,27165,1350,9
Washington,Minnesota,27163,27208,287
Winona,Minnesota,27169,4584,50
Wilkin,Minnesota,27167,826,12
Waseca,Minnesota,27161,2370,23
Rogers,Oklahoma,40131,10523,180
Ross,Ohio,39141,6901,157
Sandusky,Ohio,39143,5410,123
Sequoyah,Oklahoma,40135,4130,51
Scioto,Ohio,39145,6484,103
Seminole,Oklahoma,40133,2878,70
Seneca,Ohio,39147,5321,123
Texas,Oklahoma,40139,3527,34
Stephens,Oklahoma,40137,4876,102
Comanche,Texas,48093,1560,51
Comal,Texas,48091,10750,321
Yellow Medicine,Minnesota,27173,1146,20
Carson City,Nevada,32510,6517,123
Shelby,Ohio,39149,4720,93
Coryell,Texas,48099,7299,86
Wright,Minnesota,27171,16285,142
Cooke,Texas,48097,3779,72
Concho,Texas,48095,468,8
Pike,Ohio,39131,2402,34
Portage,Ohio,39133,13079,210
Preble,Ohio,39135,3831,101
Pontotoc,Oklahoma,40123,5142,72
Putnam,Ohio,39137,4317,101
Pittsburg,Oklahoma,40121,4648,70
Pushmataha,Oklahoma,40127,1010,20
Pottawatomie,Oklahoma,40125,8375,127
Stevens,Minnesota,27149,922,11
Roger Mills,Oklahoma,40129,389,12
Sibley,Minnesota,27143,1453,10
Coleman,Texas,48083,750,33
Sherburne,Minnesota,27141,11898,89
Coke,Texas,48081,467,13
Steele,Minnesota,27147,3931,15
Stearns,Minnesota,27145,22435,223
Richland,Ohio,39139,11504,208
Colorado,Texas,48089,1739,32
Collingsworth,Texas,48087,330,9
Collin,Texas,48085,91378,832
Schenectady,New York,36093,13097,201
Saratoga,New York,36091,15242,167
Noble,Ohio,39121,1346,38
Osage,Oklahoma,40113,4756,72
Ottawa,Ohio,39123,3709,81
Okmulgee,Oklahoma,40111,3796,78
Paulding,Ohio,39125,1751,41
Pawnee,Oklahoma,40117,1786,50
Ottawa,Oklahoma,40115,3914,67
Seneca,New York,36099,1995,56
Wadena,Minnesota,27159,1587,22
Schuyler,New York,36097,1047,14
Payne,Oklahoma,40119,8686,72
Schoharie,New York,36095,1680,17
Chambers,Texas,48071,5080,49
Todd,Minnesota,27153,2843,32
Swift,Minnesota,27151,1064,18
Wabasha,Minnesota,27157,2072,3
Traverse,Minnesota,27155,373,5
Cochran,Texas,48079,317,15
Perry,Ohio,39127,2962,50
Clay,Texas,48077,1034,16
Pickaway,Ohio,39129,8616,121
Childress,Texas,48075,1379,17
Cherokee,Texas,48073,4238,142
Breckinridge,Kentucky,21027,1291,16
Breathitt,Kentucky,21025,1031,9
Bracken,Kentucky,21023,649,7
Boyle,Kentucky,21021,3450,71
Bullitt,Kentucky,21029,7308,74
Strafford,New Hampshire,33017,9831,90
Rockingham,New Hampshire,33015,24168,261
Grand,Colorado,08049,1479,6
Merrimack,New Hampshire,33013,9572,115
Gilpin,Colorado,08047,256,3
Hillsborough,New Hampshire,33011,36033,641
Garfield,Colorado,08045,5898,40
Fremont,Colorado,08043,6357,58
El Paso,Colorado,08041,69031,829
Sullivan,New Hampshire,33019,1794,25
Carlisle,Kentucky,21039,480,9
Campbell,Kentucky,21037,8803,83
Calloway,Kentucky,21035,3539,51
Caldwell,Kentucky,21033,1462,32
Elbert,Colorado,08039,1782,13
Coos,New Hampshire,33007,2015,41
Eagle,Colorado,08037,6313,23
Cheshire,New Hampshire,33005,3827,33
Douglas,Colorado,08035,29875,257
Carroll,New Hampshire,33003,2451,11
Dolores,Colorado,08033,109,1
Belknap,New Hampshire,33001,4078,100
Denver,Colorado,08031,72734,821
Butler,Kentucky,21031,1469,24
Grafton,New Hampshire,33009,4012,26
Anderson,Kentucky,21005,1753,23
Allen,Kentucky,21003,2093,40
Adair,Kentucky,21001,1932,54
Barren,Kentucky,21009,4470,92
Ballard,Kentucky,21007,407,9
Larimer,Colorado,08069,26775,240
La Plata,Colorado,08067,4001,41
Lake,Colorado,08065,798,0
Kit Carson,Colorado,08063,627,11
Kiowa,Colorado,08061,95,3
Bourbon,Kentucky,21017,1723,19
Boone,Kentucky,21015,14465,148
Bell,Kentucky,21013,3120,56
Bath,Kentucky,21011,1019,22
Boyd,Kentucky,21019,5038,75
Jefferson,Colorado,08059,47649,778
Jackson,Colorado,08057,63,0
Huerfano,Colorado,08055,424,17
Hinsdale,Colorado,08053,19,0
Gunnison,Colorado,08051,1349,6
Baca,Colorado,08009,314,4
Archuleta,Colorado,08007,974,1
Arapahoe,Colorado,08005,62167,803
Alamosa,Colorado,08003,1644,31
Adams,Colorado,08001,60471,732
Delta,Colorado,08029,2757,62
Custer,Colorado,08027,201,1
Crowley,Colorado,08025,2202,15
Costilla,Colorado,08023,237,3
Conejos,Colorado,08021,654,12
Clear Creek,Colorado,08019,457,3
Cheyenne,Colorado,08017,128,6
Chaffee,Colorado,08015,1704,25
Boulder,Colorado,08013,23618,257
Broomfield,Colorado,08014,4854,75
Bent,Colorado,08011,1540,21
Duval,Florida,12031,100131,1478
Escambia,Florida,12033,36520,697
Carroll,Maryland,24013,9465,239
Albany,New York,36001,24566,351
Cecil,Maryland,24015,6268,140
Charles,Maryland,24017,10804,196
Dorchester,Maryland,24019,2821,51
Cattaraugus,New York,36009,5671,89
Broome,New York,36007,18492,362
Caroline,Maryland,24011,2334,25
Allegany,New York,36003,3506,84
Galax city,Virginia,51640,1169,53
Flagler,Florida,12035,7447,110
Franklin,Florida,12037,1349,20
Gadsden,Florida,12039,5753,99
Gilchrist,Florida,12041,1629,44
Glades,Florida,12043,972,19
Harford,Maryland,24025,16515,281
Howard,Maryland,24027,19175,236
Kent,Maryland,24029,1349,46
Hampton city,Virginia,51650,10522,178
Frederick,Maryland,24021,19729,325
Garrett,Maryland,24023,2030,63
Gulf,Florida,12045,1977,45
Hamilton,Florida,12047,1639,25
Hardee,Florida,12049,3243,45
Broward,Florida,12011,243788,3051
Harrisonburg city,Virginia,51660,6496,94
Calhoun,Florida,12013,1702,45
Charlotte,Florida,12015,13289,429
Citrus,Florida,12017,11315,461
Clay,Florida,12019,19147,345
Collier,Florida,12021,36842,542
Anne Arundel,Maryland,24003,43658,616
Baltimore,Maryland,24005,65471,1530
Calvert,Maryland,24009,4209,78
Hopewell city,Virginia,51670,2605,75
Allegany,Maryland,24001,6979,208
Columbia,Florida,12023,8229,169
Lexington city,Virginia,51678,1207,32
DeSoto,Florida,12027,4411,95
Dixie,Florida,12029,1620,24
Lynchburg city,Virginia,51680,7871,154
Manassas city,Virginia,51683,4306,47
Manassas Park city,Virginia,51685,1217,11
Worth,Georgia,13321,1799,67
Martinsville city,Virginia,51690,1609,76
Brevard,Florida,12009,42676,892
Alachua,Florida,12001,25304,281
Baker,Florida,12003,3530,61
Bay,Florida,12005,20512,393
Bradford,Florida,12007,3042,57
Wheeler,Georgia,13309,630,24
Webster,Georgia,13307,146,4
Warren,Georgia,13301,542,18
Wayne,Georgia,13305,3615,90
Washington,Georgia,13303,2148,88
Wilkinson,Georgia,13319,938,27
Whitfield,Georgia,13313,17002,243
White,Georgia,13311,3221,80
Wilkes,Georgia,13317,1092,29
Wilcox,Georgia,13315,832,47
Monroe,Ohio,39111,1333,42
Montgomery,Ohio,39113,52062,1023
Muskogee,Oklahoma,40101,9332,164
Morgan,Ohio,39115,1090,24
Renville,Minnesota,27129,1814,45
St. Lawrence,New York,36089,6584,96
Nowata,Oklahoma,40105,1149,19
Rockland,New York,36087,46782,751
Noble,Oklahoma,40103,1380,19
Redwood,Minnesota,27127,1754,37
Oklahoma,Oklahoma,40109,87025,1221
Rensselaer,New York,36083,11170,141
Okfuskee,Oklahoma,40107,1789,31
Cameron,Texas,48061,41124,1652
Pope,Minnesota,27121,1120,6
Red Lake,Minnesota,27125,400,7
Ramsey,Minnesota,27123,51973,886
Morrow,Ohio,39117,2889,39
Castro,Texas,48069,998,32
Muskingum,Ohio,39119,8856,134
Cass,Texas,48067,1939,82
Carson,Texas,48065,531,14
Camp,Texas,48063,1260,43
Orange,New York,36071,48058,717
Marion,Ohio,39101,8585,136
Callahan,Texas,48059,1198,40
Medina,Ohio,39103,15472,268
Putnam,New York,36079,10561,91
Scott,Minnesota,27139,17432,128
St. Louis,Minnesota,27137,17967,305
Otsego,New York,36077,3430,47
Oswego,New York,36075,7535,90
Orleans,New York,36073,3093,83
Rice,Minnesota,27131,8134,108
Roseau,Minnesota,27135,2106,19
Rock,Minnesota,27133,1287,19
Calhoun,Texas,48057,2376,24
Meigs,Ohio,39105,1465,40
Caldwell,Texas,48055,5703,98
Mercer,Ohio,39107,4834,85
Burnet,Texas,48053,4787,65
Miami,Ohio,39109,10752,221
Burleson,Texas,48051,2434,48
Okeechobee,Florida,12093,4139,89
Orange,Florida,12095,141855,1292
Osceola,Florida,12097,45808,520
Palm Beach,Florida,12099,147784,2853
Brown,Texas,48049,4272,138
Onondaga,New York,36067,38458,672
Norman,Minnesota,27107,545,9
Oneida,New York,36065,22384,509
Nobles,Minnesota,27105,4083,48
Niagara,New York,36063,19897,365
Okaloosa,Florida,12091,20813,366
Olmsted,Minnesota,27109,13328,101
Nicollet,Minnesota,27103,3293,44
Ontario,New York,36069,7362,93
Murray,Minnesota,27101,1069,9
Brooks,Texas,48047,821,36
Briscoe,Texas,48045,168,5
Brewster,Texas,48043,934,16
Brazos,Texas,48041,27481,252
Brazoria,Texas,48039,37962,512
Bowie,Texas,48037,7061,216
Montgomery,New York,36057,4237,124
Pipestone,Minnesota,27117,1163,26
Monroe,New York,36055,67893,1090
Pine,Minnesota,27115,3323,23
Madison,New York,36053,4517,88
Livingston,New York,36051,4470,59
Polk,Minnesota,27119,3869,71
Pennington,Minnesota,27113,1539,19
Nassau,New York,36059,182902,3167
Otter Tail,Minnesota,27111,5801,78
Bosque,Texas,48035,1686,34
Borden,Texas,48033,30,2
Blanco,Texas,48031,746,20
Lee,Florida,12071,73147,995
Leon,Florida,12073,32654,328
Levy,Florida,12075,3531,55
Bexar,Texas,48029,222441,3555
Liberty,Florida,12077,1082,16
Bell,Texas,48027,22582,434
Jefferson,New York,36045,6033,68
Herkimer,New York,36043,5144,107
Hamilton,New York,36041,313,2
Lewis,New York,36049,2763,35
Madison,Florida,12079,2081,45
Bee,Texas,48025,3503,72
Fairfax city,Virginia,51600,561,19
Baylor,Texas,48023,299,12
Bastrop,Texas,48021,9576,95
Manatee,Florida,12081,39626,685
Bandera,Texas,48019,1425,27
Marion,Florida,12083,31767,988
Miami-Dade,Florida,12086,498952,6372
Bailey,Texas,48017,828,19
Martin,Florida,12085,12629,328
Austin,Texas,48015,2188,37
Monroe,Florida,12087,7080,50
Fulton,New York,36035,4376,91
Franklin,New York,36033,2530,12
Essex,New York,36031,1594,26
Greene,New York,36039,3386,78
Genesee,New York,36037,5404,123
Atascosa,Texas,48013,5815,150
Falls Church city,Virginia,51610,433,9
Nassau,Florida,12089,8564,126
Armstrong,Texas,48011,204,6
Hendry,Florida,12051,4833,85
Archer,Texas,48009,809,12
Hernando,Florida,12053,14445,477
Aransas,Texas,48007,1253,41
Highlands,Florida,12055,8729,363
Angelina,Texas,48005,8613,281
Queen Anne's,Maryland,24035,2985,47
Cortland,New York,36023,3833,60
St. Mary's,Maryland,24037,6007,125
Columbia,New York,36021,4037,103
Somerset,Maryland,24039,2601,38
Erie,New York,36029,88998,1786
Montgomery,Maryland,24031,70758,1543
Dutchess,New York,36027,29329,444
Prince George's,Maryland,24033,84845,1496
Delaware,New York,36025,2348,37
Hillsborough,Florida,12057,141833,1804
Franklin city,Virginia,51620,1132,32
Andrews,Texas,48003,1832,47
Holmes,Florida,12059,2275,49
Anderson,Texas,48001,6212,126
Indian River,Florida,12061,12761,308
Jackson,Florida,12063,6274,158
Jefferson,Florida,12065,1514,28
Chautauqua,New York,36013,8873,141
Worcester,Maryland,24047,3620,99
Cayuga,New York,36011,6281,92
Clinton,New York,36019,4824,33
Talbot,Maryland,24041,2154,37
Chenango,New York,36017,3455,76
Washington,Maryland,24043,14534,281
Chemung,New York,36015,7637,135
Fredericksburg city,Virginia,51630,2134,24
Wicomico,Maryland,24045,7634,153
Lafayette,Florida,12067,1623,26
Lake,Florida,12069,30759,646
Allegheny,Pennsylvania,42003,100922,1964
Edwards,Illinois,17047,572,13
Armstrong,Pennsylvania,42005,5955,138
Effingham,Illinois,17049,4739,83
DuPage,Illinois,17043,91498,1380
Adams,Pennsylvania,42001,9522,182
Edgar,Illinois,17045,1733,60
Camden,Missouri,29029,4104,87
Douglas,Illinois,17041,2596,40
Beaver,Pennsylvania,42007,15347,382
Bedford,Pennsylvania,42009,4572,138
Hempstead,Arkansas,05057,2009,20
Deer Lodge,Montana,30023,1117,15
Butler,Missouri,29023,4220,48
Hot Spring,Arkansas,05059,5159,74
Buchanan,Missouri,29021,10548,182
Fallon,Montana,30025,286,2
Grant,Arkansas,05053,1672,33
Callaway,Missouri,29027,5000,50
Greene,Arkansas,05055,6153,77
Caldwell,Missouri,29025,784,14
Dawson,Montana,30021,1098,30
Garland,Arkansas,05051,10260,259
Fergus,Montana,30027,1120,31
Flathead,Montana,30029,12103,95
Fulton,Illinois,17057,4014,66
Gallatin,Illinois,17059,461,5
Ford,Illinois,17053,1816,56
Franklin,Illinois,17055,4493,88
Fayette,Illinois,17051,3192,58
Fulton,Arkansas,05049,1141,47
Cascade,Montana,30013,9169,169
Carter,Missouri,29035,544,11
Faulkner,Arkansas,05045,12745,162
Barbour,West Virginia,54001,1474,28
Carroll,Missouri,29033,1040,23
Chouteau,Montana,30015,508,6
Franklin,Arkansas,05047,1696,40
Cedar,Missouri,29039,1123,22
Desha,Arkansas,05041,1363,24
Boone,West Virginia,54005,2111,34
Cass,Missouri,29037,9218,111
Carter,Montana,30011,148,5
Berkeley,West Virginia,54003,12584,126
Drew,Arkansas,05043,2010,45
Brooke,West Virginia,54009,2216,60
Braxton,West Virginia,54007,970,3
Cape Girardeau,Missouri,29031,9544,135
Custer,Montana,30017,1192,18
Daniels,Montana,30019,197,8
Clay,Illinois,17025,1486,48
Clinton,Illinois,17027,5772,99
Christian,Illinois,17021,3744,91
Clark,Illinois,17023,1816,41
Barry,Missouri,29009,2907,47
Audrain,Missouri,29007,2707,57
Saguache,Colorado,08109,397,4
Routt,Colorado,08107,2238,20
Lincoln,Arkansas,05079,3206,48
Rio Grande,Colorado,08105,838,16
Calhoun,West Virginia,54013,366,0
Adair,Missouri,29001,2473,20
Beaverhead,Montana,30001,910,11
Cabell,West Virginia,54011,8776,172
Rio Blanco,Colorado,08103,580,4
Big Horn,Montana,30003,2567,76
Pueblo,Colorado,08101,18908,393
Lawrence,Arkansas,05075,2127,43
Doddridge,West Virginia,54017,613,6
Atchison,Missouri,29005,456,6
Lee,Arkansas,05077,1697,35
Clay,West Virginia,54015,535,10
Andrew,Missouri,29003,1871,20
Johnson,Arkansas,05071,2928,38
Carbon,Montana,30009,879,15
Lafayette,Arkansas,05073,552,9
Fayette,West Virginia,54019,3494,77
Coles,Illinois,17029,5717,101
Blaine,Montana,30005,785,23
Broadwater,Montana,30007,501,5
Cumberland,Illinois,17035,1292,31
DeKalb,Illinois,17037,10228,125
Cook,Illinois,17031,551311,10785
Crawford,Illinois,17033,2130,42
Boone,Missouri,29019,18496,116
Bates,Missouri,29013,1338,29
Grant,West Virginia,54023,1280,27
Jackson,Arkansas,05067,3228,38
Barton,Missouri,29011,1180,15
Jefferson,Arkansas,05069,8929,167
Gilmer,West Virginia,54021,873,6
Bollinger,Missouri,29017,1124,13
Independence,Arkansas,05063,3784,124
Hampshire,West Virginia,54027,1890,34
Benton,Missouri,29015,1689,33
Greenbrier,West Virginia,54025,2845,61
Izard,Arkansas,05065,1685,42
Howard,Arkansas,05061,1662,25
Hancock,West Virginia,54029,2826,89
De Witt,Illinois,17039,1547,34
Alexander,Illinois,17003,470,11
Bond,Illinois,17005,2072,30
Adams,Illinois,17001,8569,153
Chicot,Arkansas,05017,1618,41
Hardy,West Virginia,54031,1554,24
Clark,Arkansas,05019,2120,41
Jackson,West Virginia,54035,2171,61
Calhoun,Arkansas,05013,411,3
Harrison,West Virginia,54033,5898,77
Carroll,Arkansas,05015,2813,46
Kanawha,West Virginia,54039,15204,344
Jefferson,West Virginia,54037,4668,52
Bradley,Arkansas,05011,1395,32
Boone,Illinois,17007,6751,87
Brown,Illinois,17009,721,12
Calhoun,Illinois,17013,519,5
Carroll,Illinois,17015,1762,37
Bureau,Illinois,17011,3747,95
Boone,Arkansas,05009,3858,80
Baxter,Arkansas,05005,3193,104
Lewis,West Virginia,54041,1251,21
Benton,Arkansas,05007,29315,418
Logan,West Virginia,54045,3192,94
Arkansas,Arkansas,05001,2118,37
Ashley,Arkansas,05003,2035,35
Lincoln,West Virginia,54043,1527,22
Marion,West Virginia,54049,4527,51
McDowell,West Virginia,54047,1586,25
Cass,Illinois,17017,2002,36
Champaign,Illinois,17019,20857,156
Mason,West Virginia,54053,2026,37
Dallas,Arkansas,05039,760,15
Marshall,West Virginia,54051,3497,77
Crittenden,Arkansas,05035,6127,97
Mineral,West Virginia,54057,2904,89
Mercer,West Virginia,54055,4999,117
Cross,Arkansas,05037,1960,50
Craighead,Arkansas,05031,13566,182
Crawford,Arkansas,05033,7110,119
Mingo,West Virginia,54059,2649,41
Columbia,Arkansas,05027,2352,56
Monroe,West Virginia,54063,1155,17
Monongalia,West Virginia,54061,9296,86
Conway,Arkansas,05029,2244,33
Cleburne,Arkansas,05023,1999,75
Hamilton,Texas,48193,783,27
Nicholas,West Virginia,54067,1813,19
Cleveland,Arkansas,05025,955,25
Morgan,West Virginia,54065,1208,20
Hall,Texas,48191,486,14
Ohio,West Virginia,54069,4260,86
Clay,Arkansas,05021,1780,52
Hardin,Texas,48199,5889,113
Hardeman,Texas,48197,383,12
Hansford,Texas,48195,911,24
McLean,Kentucky,21149,891,26
McCreary,Kentucky,21147,2016,32
McCracken,Kentucky,21145,6800,127
Mifflin,Pennsylvania,42087,5365,178
Lyon,Kentucky,21143,1543,20
Monroe,Pennsylvania,42089,14634,315
Logan,Kentucky,21141,2869,66
McKean,Pennsylvania,42083,3740,71
Mercer,Pennsylvania,42085,9533,256
Lycoming,Pennsylvania,42081,11806,284
Luzerne,Pennsylvania,42079,31655,807
Martin,Kentucky,21159,1037,20
Marshall,Kentucky,21157,2838,57
Lebanon,Pennsylvania,42075,16005,287
Marion,Kentucky,21155,2340,38
Lehigh,Pennsylvania,42077,39484,851
Magoffin,Kentucky,21153,1003,15
Silver Bow,Montana,30093,4104,86
Stillwater,Montana,30095,726,14
Sheridan,Montana,30091,423,5
Sweet Grass,Montana,30097,400,7
Teton,Montana,30099,499,6
Lancaster,Pennsylvania,42071,54931,1145
Madison,Kentucky,21151,9401,111
Lawrence,Pennsylvania,42073,7533,210
Lawrence,Kentucky,21127,1464,25
Lackawanna,Pennsylvania,42069,18353,471
Laurel,Kentucky,21125,6771,73
Larue,Kentucky,21123,1343,26
Jefferson,Pennsylvania,42065,3300,98
Knox,Kentucky,21121,3338,37
Juniata,Pennsylvania,42067,2120,86
Ravalli,Montana,30081,3124,44
Richland,Montana,30083,1240,17
Lee,Kentucky,21129,1288,26
Howard,Missouri,29089,1056,7
Sanders,Montana,30089,639,15
Holt,Missouri,29087,445,14
Roosevelt,Montana,30085,1640,54
Rosebud,Montana,30087,1226,50
Huntingdon,Pennsylvania,42061,5088,131
Harrison,Missouri,29081,882,14
Indiana,Pennsylvania,42063,6284,175
Hickory,Missouri,29085,654,15
Henry,Missouri,29083,2022,40
Fulton,Pennsylvania,42057,1338,15
Lincoln,Kentucky,21137,2354,53
Greene,Pennsylvania,42059,3259,40
Lewis,Kentucky,21135,1351,37
Forest,Pennsylvania,42053,1428,21
Letcher,Kentucky,21133,1925,45
Franklin,Pennsylvania,42055,15227,370
Leslie,Kentucky,21131,924,8
Phillips,Montana,30071,524,16
Pondera,Montana,30073,495,4
Livingston,Kentucky,21139,862,21
Prairie,Montana,30079,141,2
Jefferson,Missouri,29099,23462,248
Powder River,Montana,30075,124,6
Powell,Montana,30077,929,10
Iron,Missouri,29093,911,6
Fayette,Pennsylvania,42051,13105,316
Howell,Missouri,29091,3512,45
Jasper,Missouri,29097,9497,129
Jackson,Missouri,29095,38580,450
Hickman,Kentucky,21105,392,10
Elk,Pennsylvania,42047,2856,39
Henry,Kentucky,21103,1373,16
Erie,Pennsylvania,42049,20894,412
Henderson,Kentucky,21101,4885,75
Dauphin,Pennsylvania,42043,25830,547
Johnson,Illinois,17087,1457,21
Delaware,Pennsylvania,42045,51978,1432
Kane,Illinois,17089,58963,835
Jersey,Illinois,17083,2703,69
Jo Daviess,Illinois,17085,1824,27
Mineral,Montana,30061,259,0
Jackson,Kentucky,21109,1320,32
Hopkins,Kentucky,21107,4535,147
Jefferson,Illinois,17081,4400,121
Park,Montana,30067,1403,20
Douglas,Missouri,29067,939,29
Yuma,Colorado,08125,924,17
Dent,Missouri,29065,979,17
Petroleum,Montana,30069,12,1
Weld,Colorado,08123,32277,343
Montgomery,Arkansas,05097,757,33
Missoula,Montana,30063,9158,94
Washington,Colorado,08121,463,13
Nevada,Arkansas,05099,830,24
Dunklin,Missouri,29069,2877,50
Musselshell,Montana,30065,349,12
Mississippi,Arkansas,05093,5887,109
Monroe,Arkansas,05095,871,17
Cumberland,Pennsylvania,42041,20317,522
DeKalb,Missouri,29063,1130,32
Miller,Arkansas,05091,4395,38
Daviess,Missouri,29061,710,11
Clinton,Pennsylvania,42035,3665,66
Johnson,Kentucky,21115,2028,35
Columbia,Pennsylvania,42037,5815,133
Jessamine,Kentucky,21113,4720,64
Lake,Illinois,17097,67832,1067
Clarion,Pennsylvania,42031,3172,92
Jefferson,Kentucky,21111,82678,1269
LaSalle,Illinois,17099,12670,301
Clearfield,Pennsylvania,42033,8531,146
Kendall,Illinois,17093,13676,105
Knox,Illinois,17095,5596,181
Liberty,Montana,30051,117,1
Crawford,Pennsylvania,42039,7356,149
Knott,Kentucky,21119,1146,23
Kankakee,Illinois,17091,14361,219
Kenton,Kentucky,21117,17033,203
Teller,Colorado,08119,1797,15
Madison,Montana,30057,784,8
Grundy,Missouri,29079,1008,34
Summit,Colorado,08117,3724,8
Marion,Arkansas,05089,1065,30
Greene,Missouri,29077,29485,468
Meagher,Montana,30059,151,7
Sedgwick,Colorado,08115,233,2
Lincoln,Montana,30053,1624,17
San Miguel,Colorado,08113,883,0
Lonoke,Arkansas,05085,7423,120
McCone,Montana,30055,183,1
Madison,Arkansas,05087,1463,23
San Juan,Colorado,08111,47,0
Franklin,Missouri,29071,10714,184
Little River,Arkansas,05081,1251,42
Logan,Arkansas,05083,2247,24
Gentry,Missouri,29075,829,20
Gasconade,Missouri,29073,1546,45
Carbon,Pennsylvania,42025,6325,170
Hardin,Illinois,17069,388,12
Centre,Pennsylvania,42027,16778,222
Cambria,Pennsylvania,42021,14476,430
Hamilton,Illinois,17065,838,18
Cameron,Pennsylvania,42023,301,7
Hancock,Illinois,17067,1777,41
Greene,Illinois,17061,1445,46
Grundy,Illinois,17063,5939,80
Chester,Pennsylvania,42029,40484,806
Clark,Missouri,29045,672,7
Judith Basin,Montana,30045,91,1
Christian,Missouri,29043,9048,91
Lake,Montana,30047,2102,36
Clinton,Missouri,29049,1971,65
Hill,Montana,30041,1995,44
Clay,Missouri,29047,10118,167
Jefferson,Montana,30043,1091,8
Lewis and Clark,Montana,30049,6932,88
Chariton,Missouri,29041,683,8
Blair,Pennsylvania,42013,13293,335
Jasper,Illinois,17079,1156,20
Bradford,Pennsylvania,42015,6015,89
Iroquois,Illinois,17075,3057,68
Jackson,Illinois,17077,5062,75
Berks,Pennsylvania,42011,47725,1025
Henderson,Illinois,17071,526,23
Henry,Illinois,17073,5038,97
Bucks,Pennsylvania,42017,60427,1293
Butler,Pennsylvania,42019,17362,414
Glacier,Montana,30035,1540,42
Dade,Missouri,29057,737,31
Crawford,Missouri,29055,2611,38
Golden Valley,Montana,30037,56,2
Gallatin,Montana,30031,14878,63
Dallas,Missouri,29059,1311,28
Garfield,Montana,30033,80,2
Cooper,Missouri,29053,1927,27
Granite,Montana,30039,196,2
Cole,Missouri,29051,9132,127
Culberson,Texas,48109,363,11
Crosby,Texas,48107,656,29
Richland,South Carolina,45079,47050,567
Crockett,Texas,48105,575,15
Crane,Texas,48103,534,12
Yates,New York,36123,1172,26
Wyoming,New York,36121,3559,52
Richmond city,Virginia,51760,17049,265
Orangeburg,South Carolina,45075,9855,251
Cottle,Texas,48101,190,7
Pickens,South Carolina,45077,18948,299
Newberry,South Carolina,45071,5080,106
Oconee,South Carolina,45073,9782,134
Marion,South Carolina,45067,3536,107
Marlboro,South Carolina,45069,3429,56
Ulster,New York,36111,13844,252
Westchester,New York,36119,129178,2275
Wayne,New York,36117,5728,68
Washington,New York,36115,3116,55
Roanoke city,Virginia,51770,8501,193
Warren,New York,36113,3622,57
Salem city,Virginia,51775,2175,50
Lexington,South Carolina,45063,33570,487
McCormick,South Carolina,45065,1027,28
Lee,South Carolina,45061,1924,64
Lancaster,South Carolina,45057,10828,168
Greenup,Kentucky,21089,3637,59
Laurens,South Carolina,45059,7465,170
Walton,Florida,12131,7886,88
Green,Kentucky,21087,1224,17
Steuben,New York,36101,6867,143
Tompkins,New York,36109,4300,52
Tioga,New York,36107,3760,62
Sullivan,New York,36105,6601,72
Suffolk,New York,36103,200115,3388
Jasper,South Carolina,45053,2400,47
Grayson,Kentucky,21085,2202,55
Washington,Florida,12133,2747,52
Kershaw,South Carolina,45055,7533,141
Graves,Kentucky,21083,4234,93
Grant,Kentucky,21081,2480,22
Horry,South Carolina,45051,39174,577
Hampton,South Carolina,45049,1930,51
Greenville,South Carolina,45045,74996,1013
Hart,Kentucky,21099,2006,48
Greenwood,South Carolina,45047,8262,173
Staunton city,Virginia,51790,2524,71
Harrison,Kentucky,21097,1716,24
Florence,South Carolina,45041,17841,418
Harlan,Kentucky,21095,2868,84
Georgetown,South Carolina,45043,6753,140
Hardin,Kentucky,21093,9807,157
Hancock,Kentucky,21091,891,16
Fairfield,South Carolina,45039,2408,82
Fleming,Kentucky,21069,1208,24
Dorchester,South Carolina,45035,18123,221
Fayette,Kentucky,21067,36025,316
Edgefield,South Carolina,45037,3152,44
Estill,Kentucky,21065,1128,11
Sumter,Florida,12119,9456,279
Otero,Colorado,08089,2041,66
Darlington,South Carolina,45031,8516,175
Morgan,Colorado,08087,2698,94
St. Lucie,Florida,12111,27213,650
Elliott,Kentucky,21063,964,2
Dillon,South Carolina,45033,4395,85
Santa Rosa,Florida,12113,18463,291
Montrose,Colorado,08085,3545,58
Edmonson,Kentucky,21061,916,24
Sarasota,Florida,12115,33483,834
Montezuma,Colorado,08083,1968,25
Seminole,Florida,12117,35056,509
Moffat,Colorado,08081,807,22
Clarendon,South Carolina,45027,3445,114
Colleton,South Carolina,45029,3665,128
Garrard,Kentucky,21079,1542,35
Chester,South Carolina,45023,4245,76
Suwannee,Florida,12121,5375,138
Gallatin,Kentucky,21077,714,30
Chesterfield,South Carolina,45025,4867,105
Mineral,Colorado,08079,93,1
Mesa,Colorado,08077,15395,222
Logan,Colorado,08075,3997,67
Taylor,Florida,12123,2749,48
Fulton,Kentucky,21075,534,14
Franklin,Kentucky,21073,4094,48
Lincoln,Colorado,08073,1031,4
Union,Florida,12125,1837,74
Cherokee,South Carolina,45021,6110,156
Volusia,Florida,12127,44511,833
Floyd,Kentucky,21071,3455,69
Las Animas,Colorado,08071,1140,13
Wakulla,Florida,12129,3510,56
Calhoun,South Carolina,45017,1330,37
Clark,Kentucky,21049,2942,29
Charleston,South Carolina,45019,43674,508
Christian,Kentucky,21047,7053,104
Beaufort,South Carolina,45013,17003,208
Casey,Kentucky,21045,1478,37
Berkeley,South Carolina,45015,17817,199
Carter,Kentucky,21043,2305,35
Carroll,Kentucky,21041,1021,19
Barnwell,South Carolina,45011,2598,57
Allendale,South Carolina,45005,946,15
Daviess,Kentucky,21059,10865,186
Anderson,South Carolina,45007,23121,524
Cumberland,Kentucky,21057,700,12
Abbeville,South Carolina,45001,2587,41
Crittenden,Kentucky,21055,672,23
Aiken,South Carolina,45003,17456,226
Bamberg,South Carolina,45009,1584,51
St. Johns,Florida,12109,23144,219
Prowers,Colorado,08099,1259,22
Pasco,Florida,12101,42542,778
Pitkin,Colorado,08097,2593,4
Clinton,Kentucky,21053,1450,32
Pinellas,Florida,12103,81077,1656
Phillips,Colorado,08095,387,13
Clay,Kentucky,21051,2680,44
Polk,Florida,12105,70544,1362
Park,Colorado,08093,789,5
Putnam,Florida,12107,6655,154
Ouray,Colorado,08091,284,3
Grayson,Texas,48181,11334,341
Hale,Texas,48189,6140,155
Guadalupe,Texas,48187,15021,213
Grimes,Texas,48185,3747,70
Gregg,Texas,48183,11262,356
Gillespie,Texas,48171,2575,50
Gray,Texas,48179,2332,57
Gonzales,Texas,48177,2750,57
Goliad,Texas,48175,457,13
Glasscock,Texas,48173,104,2
Garza,Texas,48169,494,22
Galveston,Texas,48167,40156,422
Newport News city,Virginia,51700,14074,228
Gaines,Texas,48165,1444,44
Frio,Texas,48163,2897,52
Freestone,Texas,48161,1954,50
Franklin,Texas,48159,735,26
Fort Bend,Texas,48157,68462,677
Norfolk city,Virginia,51710,17798,259
Foard,Texas,48155,123,10
Floyd,Texas,48153,885,30
Fisher,Texas,48151,303,14
Fayette,Texas,48149,2736,65
Fannin,Texas,48147,3495,108
Falls,Texas,48145,2097,32
Norton city,Virginia,51720,290,7
Erath,Texas,48143,4214,69
El Paso,Texas,48141,135883,2698
Ellis,Texas,48139,22963,314
Edwards,Texas,48137,252,6
Ector,Texas,48135,17379,375
Petersburg city,Virginia,51730,3889,86
Eastland,Texas,48133,1360,49
Poquoson city,Virginia,51735,878,16
Duval,Texas,48131,1260,41
Donley,Texas,48129,421,15
Dimmit,Texas,48127,2226,36
Dickens,Texas,48125,187,10
York,South Carolina,45091,31693,384
Portsmouth city,Virginia,51740,9094,199
DeWitt,Texas,48123,1933,59
Denton,Texas,48121,75811,762
Delta,Texas,48119,323,12
Deaf Smith,Texas,48117,2833,66
Williamsburg,South Carolina,45089,4091,100
Dawson,Texas,48115,1736,69
Radford city,Virginia,51750,2158,18
Dallas,Texas,48113,302450,4059
Sumter,South Carolina,45085,10486,207
Union,South Carolina,45087,3160,83
Dallam,Texas,48111,992,25
Saluda,South Carolina,45081,1828,50
Spartanburg,South Carolina,45083,41682,817
Sangamon,Illinois,17167,18943,278
Warren,Pennsylvania,42123,2614,103
Washington,Pennsylvania,42125,17672,298
Schuyler,Illinois,17169,775,19
St. Clair,Illinois,17163,31009,561
Venango,Pennsylvania,42121,4012,96
Saline,Illinois,17165,2580,71
Rock Island,Illinois,17161,15153,363
Wayne,Pennsylvania,42127,4085,80
Greensville,Virginia,51081,1582,25
Westmoreland,Pennsylvania,42129,33964,762
Halifax,Virginia,51083,2816,78
Hanover,Virginia,51085,8178,161
Newton,Missouri,29145,5373,78
Henrico,Virginia,51087,25480,619
New Madrid,Missouri,29143,2126,44
Henry,Virginia,51089,4622,124
Oregon,Missouri,29149,802,5
Nodaway,Missouri,29147,2700,25
Morgan,Missouri,29141,1713,44
Tazewell,Illinois,17179,17092,329
Sullivan,Pennsylvania,42113,430,20
Traill,North Dakota,38097,1047,18
Walsh,North Dakota,38099,1909,26
Susquehanna,Pennsylvania,42115,2623,62
Stark,Illinois,17175,643,24
Stephenson,Illinois,17177,4797,103
Somerset,Pennsylvania,42111,7924,209
Scott,Illinois,17171,480,1
Shelby,Illinois,17173,2307,40
Steele,North Dakota,38091,183,2
Tioga,Pennsylvania,42117,3011,108
Stutsman,North Dakota,38093,3530,81
Highland,Virginia,51091,109,1
Isle of Wight,Virginia,51093,3146,69
Union,Pennsylvania,42119,6103,86
Towner,North Dakota,38095,325,11
James City,Virginia,51095,4621,72
Pemiscot,Missouri,29155,1599,39
King and Queen,Virginia,51097,400,8
Ozark,Missouri,29153,652,21
King George,Virginia,51099,1725,20
Pettis,Missouri,29159,5159,77
Perry,Missouri,29157,2244,30
Osage,Missouri,29151,1636,16
Philadelphia,Pennsylvania,42101,152530,3637
Sioux,North Dakota,38085,664,12
Perry,Illinois,17145,3187,69
Pike,Pennsylvania,42103,3963,54
Piatt,Illinois,17147,1514,20
Slope,North Dakota,38087,32,0
Stark,North Dakota,38089,4877,51
Ogle,Illinois,17141,6146,91
Peoria,Illinois,17143,23427,356
Snyder,Pennsylvania,42109,3645,84
Mercer,Missouri,29129,300,2
Potter,Pennsylvania,42105,1169,23
Sargent,North Dakota,38081,499,7
Schuylkill,Pennsylvania,42107,14652,404
Sheridan,North Dakota,38083,122,2
Madison,Missouri,29123,1671,16
Luce,Michigan,26095,1315,5
Macon,Missouri,29121,1562,15
Mackinac,Michigan,26097,699,3
Marion,Missouri,29127,3630,50
Macomb,Michigan,26099,99653,2414
Maries,Missouri,29125,640,8
Pike,Illinois,17149,1793,55
Lenawee,Michigan,26091,10757,167
Livingston,Michigan,26093,16622,185
Randolph,Illinois,17157,4141,90
Renville,North Dakota,38075,321,14
Richland,Illinois,17159,1760,48
Richland,North Dakota,38077,2021,17
Pulaski,Illinois,17153,693,7
Rolette,North Dakota,38079,2154,28
Putnam,Illinois,17155,485,4
Montgomery,Missouri,29139,1036,11
Pope,Illinois,17151,325,4
Ramsey,North Dakota,38071,1724,30
Ransom,North Dakota,38073,697,17
Yellowstone,Montana,30111,17540,265
Mississippi,Missouri,29133,1464,28
Miller,Missouri,29131,2542,54
Monroe,Missouri,29137,1001,12
Moniteau,Missouri,29135,1793,32
Marshall,Illinois,17123,1081,20
Nelson,North Dakota,38063,479,15
Oliver,North Dakota,38065,157,3
Mason,Illinois,17125,1526,46
Pembina,North Dakota,38067,815,11
Pierce,North Dakota,38069,548,25
Marion,Illinois,17121,4486,121
Lawrence,Missouri,29109,3431,83
Lafayette,Missouri,29107,3104,57
Stone,Arkansas,05137,992,30
Mountrail,North Dakota,38061,1355,17
Union,Arkansas,05139,4038,114
Johnson,Missouri,29101,4796,54
Toole,Montana,30101,722,11
Sevier,Arkansas,05133,2795,24
Isabella,Michigan,26073,6269,93
Treasure,Montana,30103,55,1
Jackson,Michigan,26075,20877,306
Sharp,Arkansas,05135,1614,46
Laclede,Missouri,29105,3323,69
Kalamazoo,Michigan,26077,22873,390
Knox,Missouri,29103,377,3
Sebastian,Arkansas,05131,15277,281
Kalkaska,Michigan,26079,1111,23
Wibaux,Montana,30109,121,6
Massac,Illinois,17127,1351,43
Valley,Montana,30105,896,18
Menard,Illinois,17129,1240,16
Wheatland,Montana,30107,180,8
Iron,Michigan,26071,1049,51
Montgomery,Illinois,17135,3758,79
McKenzie,North Dakota,38053,1388,13
Morgan,Illinois,17137,4008,104
McLean,North Dakota,38055,1283,30
Mercer,Illinois,17131,1481,33
Mercer,North Dakota,38057,1142,10
Morton,North Dakota,38059,5298,100
Monroe,Illinois,17133,4362,94
McDonald,Missouri,29119,2648,36
Livingston,Missouri,29117,1792,42
Scott,Arkansas,05127,939,14
Searcy,Arkansas,05129,702,19
McIntosh,North Dakota,38051,347,7
St. Francis,Arkansas,05123,3604,44
Lake,Michigan,26085,625,15
Lewis,Missouri,29111,1038,19
Saline,Arkansas,05125,12074,171
Lapeer,Michigan,26087,9674,205
Leelanau,Michigan,26089,1235,18
Linn,Missouri,29115,1273,13
Randolph,Arkansas,05121,2157,47
Lincoln,Missouri,29113,5966,45
Kent,Michigan,26081,72350,834
Moultrie,Illinois,17139,1619,36
Fairbanks North Star Borough,Alaska,02090,7913,43
Keweenaw,Michigan,26083,175,2
Lawrence,Illinois,17101,2408,34
Hettinger,North Dakota,38041,329,4
Lee,Illinois,17103,4188,91
Kidder,North Dakota,38043,272,10
LaMoure,North Dakota,38045,537,17
Logan,North Dakota,38047,265,10
Hillsdale,Michigan,26059,4366,92
Gladwin,Michigan,26051,2288,56
Gogebic,Michigan,26053,1399,50
Grand Traverse,Michigan,26055,6414,96
Gratiot,Michigan,26057,6931,122
McHenry,North Dakota,38049,648,23
McDonough,Illinois,17109,2886,61
Livingston,Illinois,17105,4856,98
Logan,Illinois,17107,3923,73
McLean,Illinois,17113,18394,218
Foster,North Dakota,38031,600,19
Macon,Illinois,17115,10871,214
Golden Valley,North Dakota,38033,260,3
Grand Forks,North Dakota,38035,10664,77
McHenry,Illinois,17111,28909,314
Grant,North Dakota,38037,211,7
Yell,Arkansas,05149,3442,65
White,Arkansas,05145,8097,120
Huron,Michigan,26063,4066,75
Ingham,Michigan,26065,24649,378
Woodruff,Arkansas,05147,651,13
Van Buren,Arkansas,05141,1323,23
Ionia,Michigan,26067,9216,84
Washington,Arkansas,05143,31130,352
Iosco,Michigan,26069,1980,72
Griggs,North Dakota,38039,329,2
Macoupin,Illinois,17117,4746,116
Houghton,Michigan,26061,3120,41
Madison,Illinois,17119,30721,595
Accomack,Virginia,51001,2849,42
Albemarle,Virginia,51003,5792,83
Alleghany,Virginia,51005,1363,49
Amelia,Virginia,51007,916,33
Amherst,Virginia,51009,2939,37
Appomattox,Virginia,51011,1599,25
Arlington,Virginia,51013,15287,256
Augusta,Virginia,51015,5870,73
Bath,Virginia,51017,273,10
Bedford,Virginia,51019,6449,103
Bland,Virginia,51021,679,10
Botetourt,Virginia,51023,2543,38
Brunswick,Virginia,51025,1324,23
Buchanan,Virginia,51027,1452,43
Buckingham,Virginia,51029,2133,30
Yakutat plus Hoonah-Angoon,Alaska,02998,83,2
Bristol Bay plus Lake and Peninsula,Alaska,02997,196,0
Campbell,Virginia,51031,4526,89
Caroline,Virginia,51033,2622,38
Charles City,Virginia,51036,500,16
Carroll,Virginia,51035,2678,74
Charlotte,Virginia,51037,870,21
Union,Kentucky,21225,1395,15
Trimble,Kentucky,21223,692,7
Trigg,Kentucky,21221,1321,15
Washington,Kentucky,21229,1451,37
Warren,Kentucky,21227,16102,171
St. Louis,Missouri,29189,99698,2226
Chesterfield,Virginia,51041,27956,436
St. Francois,Missouri,29187,8850,115
Clarke,Virginia,51043,983,20
Ste. Genevieve,Missouri,29186,1827,16
Craig,Virginia,51045,317,6
Culpeper,Virginia,51047,4658,64
Ripley,Missouri,29181,1083,16
Cumberland,Virginia,51049,497,9
St. Clair,Missouri,29185,787,8
St. Charles,Missouri,29183,47491,519
Wolfe,Kentucky,21237,532,6
Whitley,Kentucky,21235,5050,57
Webster,Kentucky,21233,1306,20
Wayne,Kentucky,21231,2219,50
Woodford,Kentucky,21239,2151,21
Scotland,Missouri,29199,306,4
Dickenson,Virginia,51051,944,16
Dinwiddie,Virginia,51053,2135,44
Schuyler,Missouri,29197,340,7
Essex,Virginia,51057,768,10
Fairfax,Virginia,51059,76843,1088
Saline,Missouri,29195,2835,38
Washington,Illinois,17189,1647,31
Rockcastle,Kentucky,21203,1587,23
Robertson,Kentucky,21201,232,14
Wabash,Illinois,17185,1349,15
Warren,Illinois,17187,1812,50
Union,Illinois,17181,2263,44
Vermilion,Illinois,17183,9842,150
Scott,Kentucky,21209,5047,33
Russell,Kentucky,21207,1892,44
Fauquier,Virginia,51061,4697,70
Rowan,Kentucky,21205,2263,20
Polk,Missouri,29167,3397,40
Floyd,Virginia,51063,874,23
Fluvanna,Virginia,51065,1916,19
Platte,Missouri,29165,4194,47
Franklin,Virginia,51067,4067,77
Pulaski,Missouri,29169,3497,52
Frederick,Virginia,51069,8019,102
Pike,Missouri,29163,1798,26
Phelps,Missouri,29161,3872,130
Spencer,Kentucky,21215,1619,24
Simpson,Kentucky,21213,2125,38
Shelby,Kentucky,21211,4785,71
Will,Illinois,17197,76333,1079
Wyoming,Pennsylvania,42131,1940,53
Williamson,Illinois,17199,7487,144
York,Pennsylvania,42133,46099,806
White,Illinois,17193,1700,36
Whiteside,Illinois,17195,7264,214
Todd,Kentucky,21219,1160,26
Taylor,Kentucky,21217,3188,48
Giles,Virginia,51071,1291,22
Wayne,Illinois,17191,1801,54
Webster,West Virginia,54101,507,8
Gloucester,Virginia,51073,2210,48
Ray,Missouri,29177,1979,27
Goochland,Virginia,51075,1455,23
Randolph,Missouri,29175,2648,30
Wirt,West Virginia,54105,444,3
Grayson,Virginia,51077,1485,35
Wetzel,West Virginia,54103,1375,31
Greene,Virginia,51079,1281,18
Reynolds,Missouri,29179,481,4
Wyoming,West Virginia,54109,2019,39
Wood,West Virginia,54107,7864,171
Ralls,Missouri,29173,1063,13
Putnam,Missouri,29171,358,4
Hudspeth,Texas,48229,535,12
Howard,Texas,48227,4663,101
Houston,Texas,48225,1669,54
Hopkins,Texas,48223,3133,111
Hood,Texas,48221,6580,129
Hockley,Texas,48219,2844,103
Hill,Texas,48217,4521,108
Hidalgo,Texas,48215,90738,2866
Henderson,Texas,48213,5953,189
Hemphill,Texas,48211,584,2
Hays,Texas,48209,20877,246
Haskell,Texas,48207,445,27
Hartley,Texas,48205,653,2
Harrison,Texas,48203,4905,109
Harris,Texas,48201,398573,6393
Owsley,Kentucky,21189,498,15
Owen,Kentucky,21187,711,13
Oldham,Kentucky,21185,7659,83
Ohio,Kentucky,21183,2488,55
Nicholas,Kentucky,21181,559,8
Pulaski,Kentucky,21199,6542,111
Powell,Kentucky,21197,1321,12
Pike,Kentucky,21195,5610,99
Perry,Kentucky,21193,2674,66
Pendleton,Kentucky,21191,1037,5
Metcalfe,Kentucky,21169,1047,26
Mercer,Kentucky,21167,2587,50
Menifee,Kentucky,21165,481,17
Meade,Kentucky,21163,2048,25
Mason,Kentucky,21161,1718,36
Nelson,Kentucky,21179,4950,57
Northumberland,Pennsylvania,42097,9564,357
Muhlenberg,Kentucky,21177,2998,66
Perry,Pennsylvania,42099,3800,100
Morgan,Kentucky,21175,2281,3
Montour,Pennsylvania,42093,2004,66
Montgomery,Kentucky,21173,2783,30
Northampton,Pennsylvania,42095,35578,711
Monroe,Kentucky,21171,1336,42
Montgomery,Pennsylvania,42091,69882,1710
Dickey,North Dakota,38021,799,33
Divide,North Dakota,38023,184,2
Dunn,North Dakota,38025,384,7
Pendleton,West Virginia,54071,704,11
Clinton,Michigan,26037,7538,87
Crawford,Michigan,26039,987,14
Denali Borough,Alaska,02068,109,0
Pocahontas,West Virginia,54075,666,11
Pleasants,West Virginia,54073,942,11
Putnam,West Virginia,54079,5263,93
Preston,West Virginia,54077,2920,46
Cheboygan,Michigan,26031,1920,45
Chippewa,Michigan,26033,5581,49
Clare,Michigan,26035,2442,80
Eddy,North Dakota,38027,469,6
Emmons,North Dakota,38029,431,13
Suffolk city,Virginia,51800,7955,191
Bowman,North Dakota,38011,403,5
Burke,North Dakota,38013,247,2
Burleigh,North Dakota,38015,15865,192
Genesee,Michigan,26049,41459,934
Raleigh,West Virginia,54081,6923,87
Ritchie,West Virginia,54085,730,11
Randolph,West Virginia,54083,2718,12
Liberty,Texas,48291,7988,187
Delta,Michigan,26041,4015,93
Summers,West Virginia,54089,832,22
Dickinson,Michigan,26043,2727,74
Bethel Census Area,Alaska,02050,3894,22
Roane,West Virginia,54087,646,9
Eaton,Michigan,26045,10054,209
Emmet,Michigan,26047,2367,41
Llano,Texas,48299,1688,51
Cass,North Dakota,38017,24628,209
Virginia Beach city,Virginia,51810,36052,405
Live Oak,Texas,48297,1138,22
Cavalier,North Dakota,38019,432,5
Lipscomb,Texas,48295,350,12
Limestone,Texas,48293,2807,79
Adams,North Dakota,38001,270,3
Barnes,North Dakota,38003,1415,31
Tucker,West Virginia,54093,538,10
Pulaski,Arkansas,05119,39645,661
Barry,Michigan,26015,5879,67
Taylor,West Virginia,54091,1245,23
Bay,Michigan,26017,11181,345
Upshur,West Virginia,54097,1903,33
Pope,Arkansas,05115,8083,109
Benzie,Michigan,26019,1267,34
Tyler,West Virginia,54095,733,10
Prairie,Arkansas,05117,903,21
Poinsett,Arkansas,05111,3182,77
Lampasas,Texas,48281,2195,33
Wayne,West Virginia,54099,3144,41
Polk,Arkansas,05113,2000,74
Arenac,Michigan,26011,1199,29
Baraga,Michigan,26013,961,38
Benson,North Dakota,38005,1098,19
Leon,Texas,48289,1643,43
Billings,North Dakota,38007,54,0
Waynesboro city,Virginia,51820,2383,38
Lee,Texas,48287,2209,39
Bottineau,North Dakota,38009,719,20
Lavaca,Texas,48285,2505,76
La Salle,Texas,48283,1054,28
Lamb,Texas,48279,2320,83
Pike,Arkansas,05109,1016,22
Cass,Michigan,26027,5418,76
Charlevoix,Michigan,26029,1661,21
Perry,Arkansas,05105,845,10
Phillips,Arkansas,05107,1849,43
Newton,Arkansas,05101,730,26
Berrien,Michigan,26021,15404,282
Ouachita,Arkansas,05103,2323,63
Branch,Michigan,26023,5625,120
Calhoun,Michigan,26025,14324,295
Williamsburg city,Virginia,51830,768,13
Lamar,Texas,48277,5863,156
Knox,Texas,48275,261,17
Kleberg,Texas,48273,2654,93
Dillingham Census Area,Alaska,02070,229,2
Kinney,Texas,48271,350,6
King,Texas,48269,11,0
Anchorage,Alaska,02020,30487,174
Winchester city,Virginia,51840,2911,47
Kimble,Texas,48267,278,6
Kerr,Texas,48265,4542,88
Kent,Texas,48263,106,2
Kenedy,Texas,48261,39,2
Kendall,Texas,48259,3328,72
Kaufman,Texas,48257,16197,259
Allegan,Michigan,26005,11019,142
Aleutians West Census Area,Alaska,02016,701,0
Alpena,Michigan,26007,2248,60
Aleutians East Borough,Alaska,02013,367,3
Antrim,Michigan,26009,1617,28
Alcona,Michigan,26001,737,29
Alger,Michigan,26003,665,6
Karnes,Texas,48255,2208,37
Jones,Texas,48253,2602,55
Johnson,Texas,48251,19891,366
Jim Wells,Texas,48249,4314,103
Jim Hogg,Texas,48247,615,16
Jefferson,Texas,48245,19747,432
Jeff Davis,Texas,48243,191,5
Jasper,Texas,48241,2495,91
Jackson,Texas,48239,1853,31
Jack,Texas,48237,606,16
Irion,Texas,48235,127,1
Hutchinson,Texas,48233,2044,71
Hunt,Texas,48231,6083,172
